case_id,field,expected,tol
BASE-PIF,PmtPull,7500.0,0.005
BASE-PIF,ExitVal,969956.9866081129,0.005
BASE-PIF,BidNPV,869014.5129561055,0.005
BASE-PIF,BidPct,0.8690145129561055,1e-09
BASE-PIF,CY12,0.10356558913366037,1e-09
BASE-PIF,MOIC,1.3146581208659505,1.3146581208659506e-09
BASE-PIF,ImpDPO,0.0,1e-09
BASE-PIF,BidMwVx,0.3476058051824422,1e-09
BASE-PIF,F12P12,1.0227272727272727,1.0227272727272727e-09
BASE-PIF,MTM,59.0,0.0
BASE-PIF,MTA,271.0,0.0
BASE-PIF,UseMTM,59.0,0.0
BASE-PIF,BalAtExit,896995.9530129714,0.005
BASE-PIF,YtmIRR,0.10855054205389866,1e-06
BASE-PIF,YtmXIRR,0.11399946893819307,1e-06
BASE-PIF,SellYTM,0.15000000000177283,1e-06
BASE-PIF,MinHYTM,18.0,0.0
BASE-PIF,MinHCY,1.0,0.0
BASE-PIF,MinHMOIC,23.0,0.0
BASE-PIF,MinHAll,23.0,0.0
BASE-PIF,Net01,7500.0,0.005
BASE-PIF,Net02,7500.0,0.005
BASE-PIF,Net12,7500.0,0.005
BASE-PIF,Net23,7500.0,0.005
BASE-PIF,Net24,969956.9866081129,0.005
BASE-PIF,Net25,0.0,0.005
BASE-PIF,Net36,0.0,0.005
BASE-PIF,Net60,0.0,0.005
BASE-PIF,Opt06_Bid,963024.7586320802,0.005
BASE-PIF,Opt12_Bid,929015.8358487263,0.005
BASE-PIF,Opt24_Bid,869014.5129561055,0.005
BASE-PIF,Opt36_Bid,818389.8424087621,0.005
BASE-PIF,Opt60_Bid,739957.248572423,0.005
EXIT-UserEnter-24,PmtPull,7500.0,0.005
EXIT-UserEnter-24,ExitVal,750000.0,0.005
EXIT-UserEnter-24,BidNPV,705763.0822762767,0.005
EXIT-UserEnter-24,BidPct,0.7057630822762767,1e-09
EXIT-UserEnter-24,CY12,0.1275215469045585,1e-09
EXIT-UserEnter-24,MOIC,1.3070958557717247,1.3070958557717248e-09
EXIT-UserEnter-24,ImpDPO,0.22676983582260757,1e-09
EXIT-UserEnter-24,BidMwVx,0.2823052329105107,1e-09
EXIT-UserEnter-24,F12P12,1.0227272727272727,1.0227272727272727e-09
EXIT-UserEnter-24,MTM,59.0,0.0
EXIT-UserEnter-24,MTA,271.0,0.0
EXIT-UserEnter-24,UseMTM,59.0,0.0
EXIT-UserEnter-24,BalAtExit,896995.9530129714,0.005
EXIT-UserEnter-24,YtmIRR,0.16374810932415967,1e-06
EXIT-UserEnter-24,YtmXIRR,0.17642169198166435,1e-06
EXIT-UserEnter-24,SellYTM,0.15000000000177283,1e-06
EXIT-UserEnter-24,MinHYTM,1.0,0.0
EXIT-UserEnter-24,MinHCY,1.0,0.0
EXIT-UserEnter-24,MinHMOIC,24.0,0.0
EXIT-UserEnter-24,MinHAll,24.0,0.0
EXIT-UserEnter-24,Net01,7500.0,0.005
EXIT-UserEnter-24,Net02,7500.0,0.005
EXIT-UserEnter-24,Net12,7500.0,0.005
EXIT-UserEnter-24,Net23,7500.0,0.005
EXIT-UserEnter-24,Net24,750000.0,0.005
EXIT-UserEnter-24,Net25,0.0,0.005
EXIT-UserEnter-24,Net36,0.0,0.005
EXIT-UserEnter-24,Net60,0.0,0.005
EXIT-UserEnter-24,Opt06_Bid,732264.9198289963,0.005
EXIT-UserEnter-24,Opt12_Bid,722764.9755604969,0.005
EXIT-UserEnter-24,Opt24_Bid,705763.0822762767,0.005
EXIT-UserEnter-24,Opt36_Bid,691115.8049884208,0.005
EXIT-UserEnter-24,Opt60_Bid,667625.883366032,0.005
EXIT-DPO-24,PmtPull,7500.0,0.005
EXIT-DPO-24,ExitVal,727467.7399560846,0.005
EXIT-DPO-24,BidNPV,689039.7049226271,0.005
EXIT-DPO-24,BidPct,0.6890397049226271,1e-09
EXIT-DPO-24,CY12,0.13061656586263948,1e-09
EXIT-DPO-24,MOIC,1.306118839780275,1.306118839780275e-09
EXIT-DPO-24,ImpDPO,0.2500000000000001,1e-09
EXIT-DPO-24,BidMwVx,0.27561588196905085,1e-09
EXIT-DPO-24,F12P12,1.0227272727272727,1.0227272727272727e-09
EXIT-DPO-24,MTM,59.0,0.0
EXIT-DPO-24,MTA,271.0,0.0
EXIT-DPO-24,UseMTM,59.0,0.0
EXIT-DPO-24,BalAtExit,896995.9530129714,0.005
EXIT-DPO-24,YtmIRR,0.1702614668251492,1e-06
EXIT-DPO-24,YtmXIRR,0.18399497966953665,1e-06
EXIT-DPO-24,SellYTM,0.15000000000177283,1e-06
EXIT-DPO-24,MinHYTM,1.0,0.0
EXIT-DPO-24,MinHCY,1.0,0.0
EXIT-DPO-24,MinHMOIC,24.0,0.0
EXIT-DPO-24,MinHAll,24.0,0.0
EXIT-DPO-24,Net01,7500.0,0.005
EXIT-DPO-24,Net02,7500.0,0.005
EXIT-DPO-24,Net12,7500.0,0.005
EXIT-DPO-24,Net23,7500.0,0.005
EXIT-DPO-24,Net24,727467.7399560846,0.005
EXIT-DPO-24,Net25,0.0,0.005
EXIT-DPO-24,Net36,0.0,0.005
EXIT-DPO-24,Net60,0.0,0.005
EXIT-DPO-24,Opt06_Bid,731302.00968263,0.005
EXIT-DPO-24,Opt12_Bid,715920.258197068,0.005
EXIT-DPO-24,Opt24_Bid,689039.7049226271,0.005
EXIT-DPO-24,Opt36_Bid,666682.1159636505,0.005
EXIT-DPO-24,Opt60_Bid,632892.9817892057,0.005
EXIT-YTMSellSolve-24,PmtPull,7500.0,0.005
EXIT-YTMSellSolve-24,ExitVal,853766.5304455521,0.005
EXIT-YTMSellSolve-24,BidNPV,782778.2969923232,0.005
EXIT-YTMSellSolve-24,BidPct,0.7827782969923233,1e-09
EXIT-YTMSellSolve-24,CY12,0.11497508342503604,1e-09
EXIT-YTMSellSolve-24,MOIC,1.3110564439366625,1.3110564439366626e-09
EXIT-YTMSellSolve-24,ImpDPO,0.11978928732589744,1e-09
EXIT-YTMSellSolve-24,BidMwVx,0.31311131879692927,1e-09
EXIT-YTMSellSolve-24,F12P12,1.0227272727272727,1.0227272727272727e-09
EXIT-YTMSellSolve-24,MTM,59.0,0.0
EXIT-YTMSellSolve-24,MTA,271.0,0.0
EXIT-YTMSellSolve-24,UseMTM,59.0,0.0
EXIT-YTMSellSolve-24,BalAtExit,896995.9530129714,0.005
EXIT-YTMSellSolve-24,YtmIRR,0.13599017149249382,1e-06
EXIT-YTMSellSolve-24,YtmXIRR,0.144641205246536,1e-06
EXIT-YTMSellSolve-24,SellYTM,0.15000000000177283,1e-06
EXIT-YTMSellSolve-24,MinHYTM,1.0,0.0
EXIT-YTMSellSolve-24,MinHCY,1.0,0.0
EXIT-YTMSellSolve-24,MinHMOIC,24.0,0.0
EXIT-YTMSellSolve-24,MinHAll,24.0,0.0
EXIT-YTMSellSolve-24,Net01,7500.0,0.005
EXIT-YTMSellSolve-24,Net02,7500.0,0.005
EXIT-YTMSellSolve-24,Net12,7500.0,0.005
EXIT-YTMSellSolve-24,Net23,7500.0,0.005
EXIT-YTMSellSolve-24,Net24,853766.5304455521,0.005
EXIT-YTMSellSolve-24,Net25,0.0,0.005
EXIT-YTMSellSolve-24,Net36,0.0,0.005
EXIT-YTMSellSolve-24,Net60,0.0,0.005
EXIT-YTMSellSolve-24,Opt06_Bid,812784.6621569474,0.005
EXIT-YTMSellSolve-24,Opt12_Bid,802099.1721079308,0.005
EXIT-YTMSellSolve-24,Opt24_Bid,782778.2969923232,0.005
EXIT-YTMSellSolve-24,Opt36_Bid,765879.8229767091,0.005
EXIT-YTMSellSolve-24,Opt60_Bid,739957.248572423,0.005
EXIT-ValueCap-24,PmtPull,7500.0,0.005
EXIT-ValueCap-24,ExitVal,1500000.0,0.005
EXIT-ValueCap-24,BidNPV,1262410.8837303617,0.005
EXIT-ValueCap-24,BidPct,1.2624108837303618,1.2624108837303618e-09
EXIT-ValueCap-24,CY12,0.07129216102292658,1e-09
EXIT-ValueCap-24,MOIC,1.3248459923427192,1.3248459923427192e-09
EXIT-ValueCap-24,ImpDPO,-0.5464603283547849,1e-09
EXIT-ValueCap-24,BidMwVx,0.5049643534921446,1e-09
EXIT-ValueCap-24,F12P12,1.0227272727272727,1.0227272727272727e-09
EXIT-ValueCap-24,MTM,59.0,0.0
EXIT-ValueCap-24,MTA,271.0,0.0
EXIT-ValueCap-24,UseMTM,59.0,0.0
EXIT-ValueCap-24,BalAtExit,896995.9530129714,0.005
EXIT-ValueCap-24,YtmIRR,0.014450575572436031,1e-06
EXIT-ValueCap-24,YtmXIRR,0.014532860627500376,1e-06
EXIT-ValueCap-24,SellYTM,0.15000000000177283,1e-06
EXIT-ValueCap-24,MinHYTM,,0.0
EXIT-ValueCap-24,MinHCY,1.0,0.0
EXIT-ValueCap-24,MinHMOIC,23.0,0.0
EXIT-ValueCap-24,MinHAll,,0.0
EXIT-ValueCap-24,Net01,7500.0,0.005
EXIT-ValueCap-24,Net02,7500.0,0.005
EXIT-ValueCap-24,Net12,7500.0,0.005
EXIT-ValueCap-24,Net23,7500.0,0.005
EXIT-ValueCap-24,Net24,1500000.0,0.005
EXIT-ValueCap-24,Net25,0.0,0.005
EXIT-ValueCap-24,Net36,0.0,0.005
EXIT-ValueCap-24,Net60,0.0,0.005
EXIT-ValueCap-24,Opt06_Bid,1428396.076823713,0.005
EXIT-ValueCap-24,Opt12_Bid,1368896.4258789006,0.005
EXIT-ValueCap-24,Opt24_Bid,1262410.8837303617,0.005
EXIT-ValueCap-24,Opt36_Bid,1170672.6733485258,0.005
EXIT-ValueCap-24,Opt60_Bid,1023551.58529251,0.005
EXIT-Liquidation-24,PmtPull,7500.0,0.005
EXIT-Liquidation-24,ExitVal,1114518.8661396045,0.005
EXIT-Liquidation-24,BidNPV,976307.9161764723,0.005
EXIT-Liquidation-24,BidPct,0.9763079161764723,1e-09
EXIT-Liquidation-24,CY12,0.09218403180880495,1e-09
EXIT-Liquidation-24,MOIC,1.3182509788305041,1.3182509788305042e-09
EXIT-Liquidation-24,ImpDPO,-0.14903947445857013,1e-09
EXIT-Liquidation-24,BidMwVx,0.39052316647058893,1e-09
EXIT-Liquidation-24,F12P12,1.0227272727272727,1.0227272727272727e-09
EXIT-Liquidation-24,MTM,59.0,0.0
EXIT-Liquidation-24,MTA,271.0,0.0
EXIT-Liquidation-24,UseMTM,59.0,0.0
EXIT-Liquidation-24,BalAtExit,896995.9530129714,0.005
EXIT-Liquidation-24,YtmIRR,0.0785952549443657,1e-06
EXIT-Liquidation-24,YtmXIRR,0.08140730655460782,1e-06
EXIT-Liquidation-24,SellYTM,0.15000000000177283,1e-06
EXIT-Liquidation-24,MinHYTM,43.0,0.0
EXIT-Liquidation-24,MinHCY,1.0,0.0
EXIT-Liquidation-24,MinHMOIC,23.0,0.0
EXIT-Liquidation-24,MinHAll,43.0,0.0
EXIT-Liquidation-24,Net01,7500.0,0.005
EXIT-Liquidation-24,Net02,7500.0,0.005
EXIT-Liquidation-24,Net12,7500.0,0.005
EXIT-Liquidation-24,Net23,7500.0,0.005
EXIT-Liquidation-24,Net24,1114518.8661396045,0.005
EXIT-Liquidation-24,Net25,0.0,0.005
EXIT-Liquidation-24,Net36,0.0,0.005
EXIT-Liquidation-24,Net60,0.0,0.005
EXIT-Liquidation-24,Opt06_Bid,1070602.1732052166,0.005
EXIT-Liquidation-24,Opt12_Bid,1036801.1137567672,0.005
EXIT-Liquidation-24,Opt24_Bid,976307.9161764723,0.005
EXIT-Liquidation-24,Opt36_Bid,924192.5061938674,0.005
EXIT-Liquidation-24,Opt60_Bid,840614.7277609422,0.005
EXIT-IRRSolve-24,PmtPull,7500.0,0.005
EXIT-IRRSolve-24,ExitVal,919712.2335710588,0.005
EXIT-IRRSolve-24,BidNPV,831723.0045391994,0.005
EXIT-IRRSolve-24,BidPct,0.8317230045391995,1e-09
EXIT-IRRSolve-24,CY12,0.10820910268060076,1e-09
EXIT-IRRSolve-24,MOIC,1.3131922859055445,1.3131922859055446e-09
EXIT-IRRSolve-24,ImpDPO,0.0518010115198585,1e-09
EXIT-IRRSolve-24,BidMwVx,0.33268920181567974,1e-09
EXIT-IRRSolve-24,F12P12,1.0227272727272727,1.0227272727272727e-09
EXIT-IRRSolve-24,MTM,59.0,0.0
EXIT-IRRSolve-24,MTA,271.0,0.0
EXIT-IRRSolve-24,UseMTM,59.0,0.0
EXIT-IRRSolve-24,BalAtExit,896995.9530129714,0.005
EXIT-IRRSolve-24,YtmIRR,0.12000000000220948,1e-06
EXIT-IRRSolve-24,YtmXIRR,0.126692552453401,1e-06
EXIT-IRRSolve-24,SellYTM,0.15000000000177283,1e-06
EXIT-IRRSolve-24,MinHYTM,1.0,0.0
EXIT-IRRSolve-24,MinHCY,1.0,0.0
EXIT-IRRSolve-24,MinHMOIC,24.0,0.0
EXIT-IRRSolve-24,MinHAll,24.0,0.0
EXIT-IRRSolve-24,Net01,7500.0,0.005
EXIT-IRRSolve-24,Net02,7500.0,0.005
EXIT-IRRSolve-24,Net12,7500.0,0.005
EXIT-IRRSolve-24,Net23,7500.0,0.005
EXIT-IRRSolve-24,Net24,919712.2335710588,0.005
EXIT-IRRSolve-24,Net25,0.0,0.005
EXIT-IRRSolve-24,Net36,0.0,0.005
EXIT-IRRSolve-24,Net60,0.0,0.005
EXIT-IRRSolve-24,Opt06_Bid,831723.004539199,0.005
EXIT-IRRSolve-24,Opt12_Bid,831723.0045391992,0.005
EXIT-IRRSolve-24,Opt24_Bid,831723.0045391994,0.005
EXIT-IRRSolve-24,Opt36_Bid,831723.0045391996,0.005
EXIT-IRRSolve-24,Opt60_Bid,831723.0045392001,0.005
EXIT-PIF-1,PmtPull,7500.0,0.005
EXIT-PIF-1,ExitVal,1006041.6666666666,0.005
EXIT-PIF-1,BidNPV,993621.3991769548,0.005
EXIT-PIF-1,BidPct,0.9936213991769548,1e-09
EXIT-PIF-1,CY12,1.0125,1.0125e-09
EXIT-PIF-1,MOIC,1.0125,1.0125e-09
EXIT-PIF-1,ImpDPO,0.0,1e-09
EXIT-PIF-1,BidMwVx,0.3974485596707819,1e-09
EXIT-PIF-1,F12P12,11.432291666666666,1.1432291666666668e-08
EXIT-PIF-1,MTM,59.0,0.0
EXIT-PIF-1,MTA,271.0,0.0
EXIT-PIF-1,UseMTM,59.0,0.0
EXIT-PIF-1,BalAtExit,896995.9530129714,0.005
EXIT-PIF-1,YtmIRR,0.07412431156712884,1e-06
EXIT-PIF-1,YtmXIRR,0.076618392671916,1e-06
EXIT-PIF-1,SellYTM,0.15000000000177283,1e-06
EXIT-PIF-1,MinHYTM,18.0,0.0
EXIT-PIF-1,MinHCY,1.0,0.0
EXIT-PIF-1,MinHMOIC,23.0,0.0
EXIT-PIF-1,MinHAll,23.0,0.0
EXIT-PIF-1,Net01,1006041.6666666666,0.005
EXIT-PIF-1,Net02,0.0,0.005
EXIT-PIF-1,Net12,0.0,0.005
EXIT-PIF-1,Net23,0.0,0.005
EXIT-PIF-1,Net24,0.0,0.005
EXIT-PIF-1,Net25,0.0,0.005
EXIT-PIF-1,Net36,0.0,0.005
EXIT-PIF-1,Net60,0.0,0.005
EXIT-PIF-1,Opt06_Bid,963024.7586320802,0.005
EXIT-PIF-1,Opt12_Bid,929015.8358487263,0.005
EXIT-PIF-1,Opt24_Bid,869014.5129561055,0.005
EXIT-PIF-1,Opt36_Bid,818389.8424087621,0.005
EXIT-PIF-1,Opt60_Bid,739957.248572423,0.005
EXIT-DPO-1,PmtPull,7500.0,0.005
EXIT-DPO-1,ExitVal,704229.1666666666,0.005
EXIT-DPO-1,BidNPV,695534.9794238684,0.005
EXIT-DPO-1,BidPct,0.6955349794238683,1e-09
EXIT-DPO-1,CY12,1.0125,1.0125e-09
EXIT-DPO-1,MOIC,1.0125,1.0125e-09
EXIT-DPO-1,ImpDPO,0.30000000000000004,1e-09
EXIT-DPO-1,BidMwVx,0.27821399176954736,1e-09
EXIT-DPO-1,F12P12,8.002604166666666,8.002604166666666e-09
EXIT-DPO-1,MTM,59.0,0.0
EXIT-DPO-1,MTA,271.0,0.0
EXIT-DPO-1,UseMTM,59.0,0.0
EXIT-DPO-1,BalAtExit,896995.9530129714,0.005
EXIT-DPO-1,YtmIRR,0.16770911833241306,1e-06
EXIT-DPO-1,YtmXIRR,0.1810219818784622,1e-06
EXIT-DPO-1,SellYTM,0.15000000000177283,1e-06
EXIT-DPO-1,MinHYTM,1.0,0.0
EXIT-DPO-1,MinHCY,1.0,0.0
EXIT-DPO-1,MinHMOIC,24.0,0.0
EXIT-DPO-1,MinHAll,24.0,0.0
EXIT-DPO-1,Net01,704229.1666666666,0.005
EXIT-DPO-1,Net02,0.0,0.005
EXIT-DPO-1,Net12,0.0,0.005
EXIT-DPO-1,Net23,0.0,0.005
EXIT-DPO-1,Net24,0.0,0.005
EXIT-DPO-1,Net25,0.0,0.005
EXIT-DPO-1,Net36,0.0,0.005
EXIT-DPO-1,Net60,0.0,0.005
EXIT-DPO-1,Opt06_Bid,684957.4598927399,0.005
EXIT-DPO-1,Opt12_Bid,673301.1426667364,0.005
EXIT-DPO-1,Opt24_Bid,653044.7433159314,0.005
EXIT-DPO-1,Opt36_Bid,636340.5706746281,0.005
EXIT-DPO-1,Opt60_Bid,611480.1284325622,0.005
EXIT-PIF-12,PmtPull,7500.0,0.005
EXIT-PIF-12,ExitVal,989406.6178638171,0.005
EXIT-PIF-12,BidNPV,929015.8358487263,0.005
EXIT-PIF-12,BidPct,0.9290158358487264,1e-09
EXIT-PIF-12,CY12,1.1538087689157088,1.153808768915709e-09
EXIT-PIF-12,MOIC,1.1538087689157088,1.153808768915709e-09
EXIT-PIF-12,ImpDPO,0.0,1e-09
EXIT-PIF-12,BidMwVx,0.37160633433949053,1e-09
EXIT-PIF-12,F12P12,12.18075702117974,1.2180757021179742e-08
EXIT-PIF-12,MTM,59.0,0.0
EXIT-PIF-12,MTA,271.0,0.0
EXIT-PIF-12,UseMTM,59.0,0.0
EXIT-PIF-12,BalAtExit,896995.9530129714,0.005
EXIT-PIF-12,YtmIRR,0.09129641468257362,1e-06
EXIT-PIF-12,YtmXIRR,0.09511837636713047,1e-06
EXIT-PIF-12,SellYTM,0.15000000000177283,1e-06
EXIT-PIF-12,MinHYTM,18.0,0.0
EXIT-PIF-12,MinHCY,1.0,0.0
EXIT-PIF-12,MinHMOIC,23.0,0.0
EXIT-PIF-12,MinHAll,23.0,0.0
EXIT-PIF-12,Net01,7500.0,0.005
EXIT-PIF-12,Net02,7500.0,0.005
EXIT-PIF-12,Net12,989406.6178638171,0.005
EXIT-PIF-12,Net23,0.0,0.005
EXIT-PIF-12,Net24,0.0,0.005
EXIT-PIF-12,Net25,0.0,0.005
EXIT-PIF-12,Net36,0.0,0.005
EXIT-PIF-12,Net60,0.0,0.005
EXIT-PIF-12,Opt06_Bid,963024.7586320802,0.005
EXIT-PIF-12,Opt12_Bid,929015.8358487263,0.005
EXIT-PIF-12,Opt24_Bid,869014.5129561055,0.005
EXIT-PIF-12,Opt36_Bid,818389.8424087621,0.005
EXIT-PIF-12,Opt60_Bid,739957.248572423,0.005
EXIT-DPO-12,PmtPull,7500.0,0.005
EXIT-DPO-12,ExitVal,692584.6325046719,0.005
EXIT-DPO-12,BidNPV,673301.1426667364,0.005
EXIT-DPO-12,BidPct,0.6733011426667364,1e-09
EXIT-DPO-12,CY12,1.1511708259320679,1.1511708259320679e-09
EXIT-DPO-12,MOIC,1.1511708259320679,1.1511708259320679e-09
EXIT-DPO-12,ImpDPO,0.30000000000000004,1e-09
EXIT-DPO-12,BidMwVx,0.26932045706669455,1e-09
EXIT-DPO-12,F12P12,8.807779914825817,8.807779914825817e-09
EXIT-DPO-12,MTM,59.0,0.0
EXIT-DPO-12,MTA,271.0,0.0
EXIT-DPO-12,UseMTM,59.0,0.0
EXIT-DPO-12,BalAtExit,896995.9530129714,0.005
EXIT-DPO-12,YtmIRR,0.17656948689332166,1e-06
EXIT-DPO-12,YtmXIRR,0.1913720251784558,1e-06
EXIT-DPO-12,SellYTM,0.15000000000177283,1e-06
EXIT-DPO-12,MinHYTM,1.0,0.0
EXIT-DPO-12,MinHCY,1.0,0.0
EXIT-DPO-12,MinHMOIC,24.0,0.0
EXIT-DPO-12,MinHAll,24.0,0.0
EXIT-DPO-12,Net01,7500.0,0.005
EXIT-DPO-12,Net02,7500.0,0.005
EXIT-DPO-12,Net12,692584.6325046719,0.005
EXIT-DPO-12,Net23,0.0,0.005
EXIT-DPO-12,Net24,0.0,0.005
EXIT-DPO-12,Net25,0.0,0.005
EXIT-DPO-12,Net36,0.0,0.005
EXIT-DPO-12,Net60,0.0,0.005
EXIT-DPO-12,Opt06_Bid,684957.4598927399,0.005
EXIT-DPO-12,Opt12_Bid,673301.1426667364,0.005
EXIT-DPO-12,Opt24_Bid,653044.7433159314,0.005
EXIT-DPO-12,Opt36_Bid,636340.5706746281,0.005
EXIT-DPO-12,Opt60_Bid,611480.1284325622,0.005
EXIT-PIF-60,PmtPull,7500.0,0.005
EXIT-PIF-60,ExitVal,902415.3035624247,0.005
EXIT-PIF-60,BidNPV,739957.248572423,0.005
EXIT-PIF-60,BidPct,0.739957248572423,1e-09
EXIT-PIF-60,CY12,0.12162864837615181,1e-09
EXIT-PIF-60,MOIC,1.817558117252218,1.817558117252218e-09
EXIT-PIF-60,ImpDPO,0.0,1e-09
EXIT-PIF-60,BidMwVx,0.2959828994289692,1e-09
EXIT-PIF-60,F12P12,1.0227272727272727,1.0227272727272727e-09
EXIT-PIF-60,MTM,59.0,0.0
EXIT-PIF-60,MTA,271.0,0.0
EXIT-PIF-60,UseMTM,59.0,0.0
EXIT-PIF-60,BalAtExit,896995.9530129714,0.005
EXIT-PIF-60,YtmIRR,0.1509943663859751,1e-06
EXIT-PIF-60,YtmXIRR,0.16172077517239047,1e-06
EXIT-PIF-60,SellYTM,0.15000000000177283,1e-06
EXIT-PIF-60,MinHYTM,18.0,0.0
EXIT-PIF-60,MinHCY,1.0,0.0
EXIT-PIF-60,MinHMOIC,23.0,0.0
EXIT-PIF-60,MinHAll,23.0,0.0
EXIT-PIF-60,Net01,7500.0,0.005
EXIT-PIF-60,Net02,7500.0,0.005
EXIT-PIF-60,Net12,7500.0,0.005
EXIT-PIF-60,Net23,7500.0,0.005
EXIT-PIF-60,Net24,7500.0,0.005
EXIT-PIF-60,Net25,7500.0,0.005
EXIT-PIF-60,Net36,7500.0,0.005
EXIT-PIF-60,Net60,902415.3035624247,0.005
EXIT-PIF-60,Opt06_Bid,963024.7586320802,0.005
EXIT-PIF-60,Opt12_Bid,929015.8358487263,0.005
EXIT-PIF-60,Opt24_Bid,869014.5129561055,0.005
EXIT-PIF-60,Opt36_Bid,818389.8424087621,0.005
EXIT-PIF-60,Opt60_Bid,739957.248572423,0.005
EXIT-DPO-60,PmtPull,7500.0,0.005
EXIT-DPO-60,ExitVal,631690.7124936973,0.005
EXIT-DPO-60,BidNPV,611480.1284325622,0.005
EXIT-DPO-60,BidPct,0.6114801284325623,1e-09
EXIT-DPO-60,CY12,0.1471838508157273,1e-09
EXIT-DPO-60,MOIC,1.7567058397256903,1.7567058397256905e-09
EXIT-DPO-60,ImpDPO,0.30000000000000004,1e-09
EXIT-DPO-60,BidMwVx,0.2445920513730249,1e-09
EXIT-DPO-60,F12P12,1.0227272727272727,1.0227272727272727e-09
EXIT-DPO-60,MTM,59.0,0.0
EXIT-DPO-60,MTA,271.0,0.0
EXIT-DPO-60,UseMTM,59.0,0.0
EXIT-DPO-60,BalAtExit,896995.9530129714,0.005
EXIT-DPO-60,YtmIRR,0.20321890597174316,1e-06
EXIT-DPO-60,YtmXIRR,0.22300435289603593,1e-06
EXIT-DPO-60,SellYTM,0.15000000000177283,1e-06
EXIT-DPO-60,MinHYTM,1.0,0.0
EXIT-DPO-60,MinHCY,1.0,0.0
EXIT-DPO-60,MinHMOIC,24.0,0.0
EXIT-DPO-60,MinHAll,24.0,0.0
EXIT-DPO-60,Net01,7500.0,0.005
EXIT-DPO-60,Net02,7500.0,0.005
EXIT-DPO-60,Net12,7500.0,0.005
EXIT-DPO-60,Net23,7500.0,0.005
EXIT-DPO-60,Net24,7500.0,0.005
EXIT-DPO-60,Net25,7500.0,0.005
EXIT-DPO-60,Net36,7500.0,0.005
EXIT-DPO-60,Net60,631690.7124936973,0.005
EXIT-DPO-60,Opt06_Bid,684957.4598927399,0.005
EXIT-DPO-60,Opt12_Bid,673301.1426667364,0.005
EXIT-DPO-60,Opt24_Bid,653044.7433159314,0.005
EXIT-DPO-60,Opt36_Bid,636340.5706746281,0.005
EXIT-DPO-60,Opt60_Bid,611480.1284325622,0.005
EXIT-START6-EXIT24,PmtPull,7500.0,0.005
EXIT-START6-EXIT24,ExitVal,978232.1750566303,0.005
EXIT-START6-EXIT24,BidNPV,839022.5707304731,0.005
EXIT-START6-EXIT24,BidPct,0.8390225707304731,1e-09
EXIT-START6-EXIT24,CY12,0.06257281011438375,1e-09
EXIT-START6-EXIT24,MOIC,1.3268202952960177,1.326820295296018e-09
EXIT-START6-EXIT24,ImpDPO,0.0,1e-09
EXIT-START6-EXIT24,BidMwVx,0.33560902829218925,1e-09
EXIT-START6-EXIT24,F12P12,0.5965909090909091,1e-09
EXIT-START6-EXIT24,MTM,59.0,0.0
EXIT-START6-EXIT24,MTA,271.0,0.0
EXIT-START6-EXIT24,UseMTM,59.0,0.0
EXIT-START6-EXIT24,BalAtExit,896995.9530129714,0.005
EXIT-START6-EXIT24,YtmIRR,0.11771148009233841,1e-06
EXIT-START6-EXIT24,YtmXIRR,0.12414491831341118,1e-06
EXIT-START6-EXIT24,SellYTM,0.15000000000177283,1e-06
EXIT-START6-EXIT24,MinHYTM,13.0,0.0
EXIT-START6-EXIT24,MinHCY,1.0,0.0
EXIT-START6-EXIT24,MinHMOIC,23.0,0.0
EXIT-START6-EXIT24,MinHAll,,0.0
EXIT-START6-EXIT24,Net01,0.0,0.005
EXIT-START6-EXIT24,Net02,0.0,0.005
EXIT-START6-EXIT24,Net12,7500.0,0.005
EXIT-START6-EXIT24,Net23,7500.0,0.005
EXIT-START6-EXIT24,Net24,978232.1750566303,0.005
EXIT-START6-EXIT24,Net25,0.0,0.005
EXIT-START6-EXIT24,Net36,0.0,0.005
EXIT-START6-EXIT24,Net60,0.0,0.005
EXIT-START6-EXIT24,Opt06_Bid,933782.5992020796,0.005
EXIT-START6-EXIT24,Opt12_Bid,899514.0940292466,0.005
EXIT-START6-EXIT24,Opt24_Bid,839022.5707304731,0.005
EXIT-START6-EXIT24,Opt36_Bid,787943.9325388544,0.005
EXIT-START6-EXIT24,Opt60_Bid,708701.5871904937,0.005
EXIT-USERENTER-0,PmtPull,7500.0,0.005
EXIT-USERENTER-0,ExitVal,0.0,0.005
EXIT-USERENTER-0,BidNPV,149115.28082219165,0.005
EXIT-USERENTER-0,BidPct,0.14911528082219164,1e-09
EXIT-USERENTER-0,CY12,0.6035598732990886,1e-09
EXIT-USERENTER-0,MOIC,1.1568230904899197,1.1568230904899197e-09
EXIT-USERENTER-0,ImpDPO,1.0,1e-09
EXIT-USERENTER-0,BidMwVx,0.05964611232887666,1e-09
EXIT-USERENTER-0,F12P12,1.0227272727272727,1.0227272727272727e-09
EXIT-USERENTER-0,MTM,59.0,0.0
EXIT-USERENTER-0,MTA,271.0,0.0
EXIT-USERENTER-0,UseMTM,59.0,0.0
EXIT-USERENTER-0,BalAtExit,896995.9530129714,0.005
EXIT-USERENTER-0,YtmIRR,0.7224524935525999,1e-06
EXIT-USERENTER-0,YtmXIRR,1.0146405119078783,1e-06
EXIT-USERENTER-0,SellYTM,0.15000000000177283,1e-06
EXIT-USERENTER-0,MinHYTM,2.0,0.0
EXIT-USERENTER-0,MinHCY,2.0,0.0
EXIT-USERENTER-0,MinHMOIC,45.0,0.0
EXIT-USERENTER-0,MinHAll,45.0,0.0
EXIT-USERENTER-0,Net01,7500.0,0.005
EXIT-USERENTER-0,Net02,7500.0,0.005
EXIT-USERENTER-0,Net12,7500.0,0.005
EXIT-USERENTER-0,Net23,7500.0,0.005
EXIT-USERENTER-0,Net24,0.0,0.005
EXIT-USERENTER-0,Net25,0.0,0.005
EXIT-USERENTER-0,Net36,0.0,0.005
EXIT-USERENTER-0,Net60,0.0,0.005
EXIT-USERENTER-0,Opt06_Bid,36133.7628342797,0.005
EXIT-USERENTER-0,Opt12_Bid,76633.5252420933,0.005
EXIT-USERENTER-0,Opt24_Bid,149115.28082219165,0.005
EXIT-USERENTER-0,Opt36_Bid,211558.93662831566,0.005
EXIT-USERENTER-0,Opt60_Bid,311700.1814395539,0.005
EXIT-ACCRUED-YES,PmtPull,7500.0,0.005
EXIT-ACCRUED-YES,ExitVal,1009956.9866081129,0.005
EXIT-ACCRUED-YES,BidNPV,898702.3957003234,0.005
EXIT-ACCRUED-YES,BidPct,0.8987023957003234,1e-09
EXIT-ACCRUED-YES,CY12,0.10014438642935468,1e-09
EXIT-ACCRUED-YES,MOIC,1.3157381044774792,1.3157381044774793e-09
EXIT-ACCRUED-YES,ImpDPO,-0.041238942089460995,1e-09
EXIT-ACCRUED-YES,BidMwVx,0.3594809582801294,1e-09
EXIT-ACCRUED-YES,F12P12,1.0227272727272727,1.0227272727272727e-09
EXIT-ACCRUED-YES,MTM,59.0,0.0
EXIT-ACCRUED-YES,MTA,271.0,0.0
EXIT-ACCRUED-YES,UseMTM,59.0,0.0
EXIT-ACCRUED-YES,BalAtExit,896995.9530129714,0.005
EXIT-ACCRUED-YES,YtmIRR,0.09984368653199388,1e-06
EXIT-ACCRUED-YES,YtmXIRR,0.10443467186719932,1e-06
EXIT-ACCRUED-YES,SellYTM,0.15000000000177283,1e-06
EXIT-ACCRUED-YES,MinHYTM,25.0,0.0
EXIT-ACCRUED-YES,MinHCY,1.0,0.0
EXIT-ACCRUED-YES,MinHMOIC,23.0,0.0
EXIT-ACCRUED-YES,MinHAll,25.0,0.0
EXIT-ACCRUED-YES,Net01,7500.0,0.005
EXIT-ACCRUED-YES,Net02,7500.0,0.005
EXIT-ACCRUED-YES,Net12,7500.0,0.005
EXIT-ACCRUED-YES,Net23,7500.0,0.005
EXIT-ACCRUED-YES,Net24,1009956.9866081129,0.005
EXIT-ACCRUED-YES,Net25,0.0,0.005
EXIT-ACCRUED-YES,Net36,0.0,0.005
EXIT-ACCRUED-YES,Net60,0.0,0.005
EXIT-ACCRUED-YES,Opt06_Bid,1000151.7536717984,0.005
EXIT-ACCRUED-YES,Opt12_Bid,963476.1798657079,0.005
EXIT-ACCRUED-YES,Opt24_Bid,898702.3957003234,0.005
EXIT-ACCRUED-YES,Opt36_Bid,843966.208721301,0.005
EXIT-ACCRUED-YES,Opt60_Bid,758939.9526751684,0.005
EXIT-LIQ-NOACR,PmtPull,7500.0,0.005
EXIT-LIQ-NOACR,ExitVal,1155535.3411949612,0.005
EXIT-LIQ-NOACR,BidNPV,1006750.2237270866,0.005
EXIT-LIQ-NOACR,BidPct,1.0067502237270867,1.0067502237270866e-09
EXIT-LIQ-NOACR,CY12,0.08939655326503063,1e-09
EXIT-LIQ-NOACR,MOIC,1.319130912410872,1.3191309124108722e-09
EXIT-LIQ-NOACR,ImpDPO,-0.19132637544661213,1e-09
EXIT-LIQ-NOACR,BidMwVx,0.40270008949083463,1e-09
EXIT-LIQ-NOACR,F12P12,1.0227272727272727,1.0227272727272727e-09
EXIT-LIQ-NOACR,MTM,59.0,0.0
EXIT-LIQ-NOACR,MTA,271.0,0.0
EXIT-LIQ-NOACR,UseMTM,59.0,0.0
EXIT-LIQ-NOACR,BalAtExit,896995.9530129714,0.005
EXIT-LIQ-NOACR,YtmIRR,0.07079415597786394,1e-06
EXIT-LIQ-NOACR,YtmXIRR,0.0730640262507207,1e-06
EXIT-LIQ-NOACR,SellYTM,0.15000000000177283,1e-06
EXIT-LIQ-NOACR,MinHYTM,,0.0
EXIT-LIQ-NOACR,MinHCY,1.0,0.0
EXIT-LIQ-NOACR,MinHMOIC,23.0,0.0
EXIT-LIQ-NOACR,MinHAll,,0.0
EXIT-LIQ-NOACR,Net01,7500.0,0.005
EXIT-LIQ-NOACR,Net02,7500.0,0.005
EXIT-LIQ-NOACR,Net12,7500.0,0.005
EXIT-LIQ-NOACR,Net23,7500.0,0.005
EXIT-LIQ-NOACR,Net24,1155535.3411949612,0.005
EXIT-LIQ-NOACR,Net25,0.0,0.005
EXIT-LIQ-NOACR,Net36,0.0,0.005
EXIT-LIQ-NOACR,Net60,0.0,0.005
EXIT-LIQ-NOACR,Opt06_Bid,998467.2904255163,0.005
EXIT-LIQ-NOACR,Opt12_Bid,1002719.3435682865,0.005
EXIT-LIQ-NOACR,Opt24_Bid,1006750.2237270866,0.005
EXIT-LIQ-NOACR,Opt36_Bid,1005802.4945535334,0.005
EXIT-LIQ-NOACR,Opt60_Bid,992871.2098933284,0.005
EXIT-YTMSELL-PASTMAT,PmtPull,7500.0,0.005
EXIT-YTMSELL-PASTMAT,ExitVal,902415.3035624247,0.005
EXIT-YTMSELL-PASTMAT,BidNPV,739957.248572423,0.005
EXIT-YTMSELL-PASTMAT,BidPct,0.739957248572423,1e-09
EXIT-YTMSELL-PASTMAT,CY12,0.12162864837615181,1e-09
EXIT-YTMSELL-PASTMAT,MOIC,1.817558117252218,1.817558117252218e-09
EXIT-YTMSELL-PASTMAT,ImpDPO,0.0,1e-09
EXIT-YTMSELL-PASTMAT,BidMwVx,0.2959828994289692,1e-09
EXIT-YTMSELL-PASTMAT,F12P12,1.0227272727272727,1.0227272727272727e-09
EXIT-YTMSELL-PASTMAT,MTM,6.0,0.0
EXIT-YTMSELL-PASTMAT,MTA,271.0,0.0
EXIT-YTMSELL-PASTMAT,UseMTM,6.0,0.0
EXIT-YTMSELL-PASTMAT,BalAtExit,991116.769071904,0.005
EXIT-YTMSELL-PASTMAT,YtmIRR,0.7071363960864341,1e-06
EXIT-YTMSELL-PASTMAT,YtmXIRR,0.976739146114662,1e-06
EXIT-YTMSELL-PASTMAT,SellYTM,0.15000000000177283,1e-06
EXIT-YTMSELL-PASTMAT,MinHYTM,1.0,0.0
EXIT-YTMSELL-PASTMAT,MinHCY,1.0,0.0
EXIT-YTMSELL-PASTMAT,MinHMOIC,23.0,0.0
EXIT-YTMSELL-PASTMAT,MinHAll,23.0,0.0
EXIT-YTMSELL-PASTMAT,Net01,7500.0,0.005
EXIT-YTMSELL-PASTMAT,Net02,7500.0,0.005
EXIT-YTMSELL-PASTMAT,Net12,7500.0,0.005
EXIT-YTMSELL-PASTMAT,Net23,7500.0,0.005
EXIT-YTMSELL-PASTMAT,Net24,7500.0,0.005
EXIT-YTMSELL-PASTMAT,Net25,7500.0,0.005
EXIT-YTMSELL-PASTMAT,Net36,7500.0,0.005
EXIT-YTMSELL-PASTMAT,Net60,902415.3035624247,0.005
EXIT-YTMSELL-PASTMAT,Opt06_Bid,963024.7586320802,0.005
EXIT-YTMSELL-PASTMAT,Opt12_Bid,929015.8358487263,0.005
EXIT-YTMSELL-PASTMAT,Opt24_Bid,869014.5129561055,0.005
EXIT-YTMSELL-PASTMAT,Opt36_Bid,818389.8424087621,0.005
EXIT-YTMSELL-PASTMAT,Opt60_Bid,739957.248572423,0.005
PMT-USER,PmtPull,9000.0,0.005
PMT-USER,ExitVal,932841.3156907433,0.005
PMT-USER,BidNPV,871290.4269663477,0.005
PMT-USER,BidPct,0.8712904269663477,1e-09
PMT-USER,CY12,0.12395407622695175,1e-09
PMT-USER,MOIC,1.3082220123311052,1.3082220123311053e-09
PMT-USER,ImpDPO,0.0,1e-09
PMT-USER,BidMwVx,0.34851617078653907,1e-09
PMT-USER,F12P12,1.2272727272727273,1.2272727272727274e-09
PMT-USER,MTM,59.0,0.0
PMT-USER,MTA,271.0,0.0
PMT-USER,UseMTM,59.0,0.0
PMT-USER,BalAtExit,896995.9530129714,0.005
PMT-USER,YtmIRR,0.10787070420587883,1e-06
PMT-USER,YtmXIRR,0.11324992170737669,1e-06
PMT-USER,SellYTM,0.15000000000177283,1e-06
PMT-USER,MinHYTM,19.0,0.0
PMT-USER,MinHCY,1.0,0.0
PMT-USER,MinHMOIC,24.0,0.0
PMT-USER,MinHAll,24.0,0.0
PMT-USER,Net01,9000.0,0.005
PMT-USER,Net02,9000.0,0.005
PMT-USER,Net12,9000.0,0.005
PMT-USER,Net23,9000.0,0.005
PMT-USER,Net24,932841.3156907433,0.005
PMT-USER,Net25,0.0,0.005
PMT-USER,Net36,0.0,0.005
PMT-USER,Net60,0.0,0.005
PMT-USER,Opt06_Bid,963163.0048402488,0.005
PMT-USER,Opt12_Bid,929601.839353233,0.005
PMT-USER,Opt24_Bid,871290.4269663477,0.005
PMT-USER,Opt36_Bid,823219.0993054712,0.005
PMT-USER,Opt60_Bid,751714.4925961526,0.005
PMT-INTEREST,PmtPull,6041.666666666667,0.005
PMT-INTEREST,ExitVal,1006041.6666666666,0.005
PMT-INTEREST,BidNPV,866801.8187794812,0.005
PMT-INTEREST,BidPct,0.8668018187794813,1e-09
PMT-INTEREST,CY12,0.08364080281013389,1e-09
PMT-INTEREST,MOIC,1.320947851277287,1.320947851277287e-09
PMT-INTEREST,ImpDPO,0.0,1e-09
PMT-INTEREST,BidMwVx,0.3467207275117925,1e-09
PMT-INTEREST,F12P12,0.8238636363636364,1e-09
PMT-INTEREST,MTM,59.0,0.0
PMT-INTEREST,MTA,271.0,0.0
PMT-INTEREST,UseMTM,59.0,0.0
PMT-INTEREST,BalAtExit,896995.9530129714,0.005
PMT-INTEREST,YtmIRR,0.10921351814190461,1e-06
PMT-INTEREST,YtmXIRR,0.11473087040138658,1e-06
PMT-INTEREST,SellYTM,0.15000000000177283,1e-06
PMT-INTEREST,MinHYTM,18.0,0.0
PMT-INTEREST,MinHCY,1.0,0.0
PMT-INTEREST,MinHMOIC,23.0,0.0
PMT-INTEREST,MinHAll,39.0,0.0
PMT-INTEREST,Net01,6041.666666666667,0.005
PMT-INTEREST,Net02,6041.666666666667,0.005
PMT-INTEREST,Net12,6041.666666666667,0.005
PMT-INTEREST,Net23,6041.666666666667,0.005
PMT-INTEREST,Net24,1006041.6666666666,0.005
PMT-INTEREST,Net25,0.0,0.005
PMT-INTEREST,Net36,0.0,0.005
PMT-INTEREST,Net60,0.0,0.005
PMT-INTEREST,Opt06_Bid,962890.3525963605,0.005
PMT-INTEREST,Opt12_Bid,928446.110219345,0.005
PMT-INTEREST,Opt24_Bid,866801.8187794812,0.005
PMT-INTEREST,Opt36_Bid,813694.7315369619,0.005
PMT-INTEREST,Opt60_Bid,728526.5946604635,0.005
PMT-TERM,PmtPull,11740.104115708185,0.005
PMT-TERM,ExitVal,865040.780598773,0.005
PMT-TERM,BidNPV,875447.9211973227,0.005
PMT-TERM,BidPct,0.8754479211973226,1e-09
PMT-TERM,CY12,0.16092476317245613,1e-09
PMT-TERM,MOIC,1.2965513399217063,1.2965513399217063e-09
PMT-TERM,ImpDPO,0.0,1e-09
PMT-TERM,BidMwVx,0.35017916847892905,1e-09
PMT-TERM,F12P12,1.6009232885056612,1.6009232885056613e-09
PMT-TERM,MTM,59.0,0.0
PMT-TERM,MTA,271.0,0.0
PMT-TERM,UseMTM,59.0,0.0
PMT-TERM,BalAtExit,896995.9530129714,0.005
PMT-TERM,YtmIRR,0.10663422562115489,1e-06
PMT-TERM,YtmXIRR,0.11188784029417134,1e-06
PMT-TERM,SellYTM,0.15000000000177283,1e-06
PMT-TERM,MinHYTM,19.0,0.0
PMT-TERM,MinHCY,1.0,0.0
PMT-TERM,MinHMOIC,25.0,0.0
PMT-TERM,MinHAll,25.0,0.0
PMT-TERM,Net01,11740.104115708185,0.005
PMT-TERM,Net02,11740.104115708185,0.005
PMT-TERM,Net12,11740.104115708185,0.005
PMT-TERM,Net23,11740.104115708185,0.005
PMT-TERM,Net24,865040.780598773,0.005
PMT-TERM,Net25,0.0,0.005
PMT-TERM,Net36,0.0,0.005
PMT-TERM,Net60,0.0,0.005
PMT-TERM,Opt06_Bid,963415.5441762384,0.005
PMT-TERM,Opt12_Bid,930672.313096245,0.005
PMT-TERM,Opt24_Bid,875447.9211973227,0.005
PMT-TERM,Opt36_Bid,832040.8771044605,0.005
PMT-TERM,Opt60_Bid,773191.8744220241,0.005
PMT-TERM-RATE0,PmtPull,8333.333333333334,0.005
PMT-TERM-RATE0,ExitVal,808333.3333333334,0.005
PMT-TERM-RATE0,BidNPV,765626.2758140602,0.005
PMT-TERM-RATE0,BidPct,0.7656262758140603,1e-09
PMT-TERM-RATE0,CY12,0.13061202725007567,1e-09
PMT-TERM-RATE0,MOIC,1.306120272500757,1.306120272500757e-09
PMT-TERM-RATE0,ImpDPO,0.0,1e-09
PMT-TERM-RATE0,BidMwVx,0.3062505103256241,1e-09
PMT-TERM-RATE0,F12P12,1.1363636363636362,1.1363636363636363e-09
PMT-TERM-RATE0,MTM,59.0,0.0
PMT-TERM-RATE0,MTA,271.0,0.0
PMT-TERM-RATE0,UseMTM,59.0,0.0
PMT-TERM-RATE0,BalAtExit,896995.9530129714,0.005
PMT-TERM-RATE0,YtmIRR,0.14187887823768439,1e-06
PMT-TERM-RATE0,YtmXIRR,0.151316840636381,1e-06
PMT-TERM-RATE0,SellYTM,0.15000000000177283,1e-06
PMT-TERM-RATE0,MinHYTM,9.0,0.0
PMT-TERM-RATE0,MinHCY,1.0,0.0
PMT-TERM-RATE0,MinHMOIC,24.0,0.0
PMT-TERM-RATE0,MinHAll,24.0,0.0
PMT-TERM-RATE0,Net01,8333.333333333334,0.005
PMT-TERM-RATE0,Net02,8333.333333333334,0.005
PMT-TERM-RATE0,Net12,8333.333333333334,0.005
PMT-TERM-RATE0,Net23,8333.333333333334,0.005
PMT-TERM-RATE0,Net24,808333.3333333334,0.005
PMT-TERM-RATE0,Net25,0.0,0.005
PMT-TERM-RATE0,Net36,0.0,0.005
PMT-TERM-RATE0,Net60,0.0,0.005
PMT-TERM-RATE0,Opt06_Bid,929649.5481980044,0.005
PMT-TERM-RATE0,Opt12_Bid,867685.3400990593,0.005
PMT-TERM-RATE0,Opt24_Bid,765626.2758140602,0.005
PMT-TERM-RATE0,Opt36_Bid,687980.30526045,0.005
PMT-TERM-RATE0,Opt60_Bid,587572.0662385616,0.005
PMT-TRAIL-3M,PmtPull,6600.0,0.005
PMT-TRAIL-3M,ExitVal,992226.3891585347,0.005
PMT-TRAIL-3M,BidNPV,867648.9645499603,0.005
PMT-TRAIL-3M,BidPct,0.8676489645499603,1e-09
PMT-TRAIL-3M,CY12,0.0912811554394929,1e-09
PMT-TRAIL-3M,MOIC,1.3185359931270457,1.3185359931270459e-09
PMT-TRAIL-3M,ImpDPO,0.0,1e-09
PMT-TRAIL-3M,BidMwVx,0.34705958581998414,1e-09
PMT-TRAIL-3M,F12P12,0.9,1e-09
PMT-TRAIL-3M,MTM,59.0,0.0
PMT-TRAIL-3M,MTA,271.0,0.0
PMT-TRAIL-3M,UseMTM,59.0,0.0
PMT-TRAIL-3M,BalAtExit,896995.9530129714,0.005
PMT-TRAIL-3M,YtmIRR,0.10895945667075399,1e-06
PMT-TRAIL-3M,YtmXIRR,0.11445053545151376,1e-06
PMT-TRAIL-3M,SellYTM,0.15000000000177283,1e-06
PMT-TRAIL-3M,MinHYTM,18.0,0.0
PMT-TRAIL-3M,MinHCY,1.0,0.0
PMT-TRAIL-3M,MinHMOIC,23.0,0.0
PMT-TRAIL-3M,MinHAll,23.0,0.0
PMT-TRAIL-3M,Net01,6600.0,0.005
PMT-TRAIL-3M,Net02,6600.0,0.005
PMT-TRAIL-3M,Net12,6600.0,0.005
PMT-TRAIL-3M,Net23,6600.0,0.005
PMT-TRAIL-3M,Net24,992226.3891585347,0.005
PMT-TRAIL-3M,Net25,0.0,0.005
PMT-TRAIL-3M,Net36,0.0,0.005
PMT-TRAIL-3M,Net60,0.0,0.005
PMT-TRAIL-3M,Opt06_Bid,962941.8109071789,0.005
PMT-TRAIL-3M,Opt12_Bid,928664.2337460225,0.005
PMT-TRAIL-3M,Opt24_Bid,867648.9645499603,0.005
PMT-TRAIL-3M,Opt36_Bid,815492.2882707368,0.005
PMT-TRAIL-3M,Opt60_Bid,732902.9021581851,0.005
PMT-TRAIL-12M,PmtPull,8066.666666666667,0.005
PMT-TRAIL-12M,ExitVal,955935.5109282177,0.005
PMT-TRAIL-12M,BidNPV,869874.3026933081,0.005
PMT-TRAIL-12M,BidPct,0.8698743026933081,1e-09
PMT-TRAIL-12M,CY12,0.11128044557735237,1e-09
PMT-TRAIL-12M,MOIC,1.3122227438232523,1.3122227438232524e-09
PMT-TRAIL-12M,ImpDPO,0.0,1e-09
PMT-TRAIL-12M,BidMwVx,0.34794972107732325,1e-09
PMT-TRAIL-12M,F12P12,1.1,1.1000000000000001e-09
PMT-TRAIL-12M,MTM,59.0,0.0
PMT-TRAIL-12M,MTA,271.0,0.0
PMT-TRAIL-12M,UseMTM,59.0,0.0
PMT-TRAIL-12M,BalAtExit,896995.9530129714,0.005
PMT-TRAIL-12M,YtmIRR,0.10829346714203825,1e-06
PMT-TRAIL-12M,YtmXIRR,0.11371597970030892,1e-06
PMT-TRAIL-12M,SellYTM,0.15000000000177283,1e-06
PMT-TRAIL-12M,MinHYTM,19.0,0.0
PMT-TRAIL-12M,MinHCY,1.0,0.0
PMT-TRAIL-12M,MinHMOIC,24.0,0.0
PMT-TRAIL-12M,MinHAll,24.0,0.0
PMT-TRAIL-12M,Net01,8066.666666666667,0.005
PMT-TRAIL-12M,Net02,8066.666666666667,0.005
PMT-TRAIL-12M,Net12,8066.666666666667,0.005
PMT-TRAIL-12M,Net23,8066.666666666667,0.005
PMT-TRAIL-12M,Net24,955935.5109282177,0.005
PMT-TRAIL-12M,Net25,0.0,0.005
PMT-TRAIL-12M,Net36,0.0,0.005
PMT-TRAIL-12M,Net60,0.0,0.005
PMT-TRAIL-12M,Opt06_Bid,963076.9849773884,0.005
PMT-TRAIL-12M,Opt12_Bid,929237.2149504289,0.005
PMT-TRAIL-12M,Opt24_Bid,869874.3026933081,0.005
PMT-TRAIL-12M,Opt36_Bid,820214.2283475188,0.005
PMT-TRAIL-12M,Opt60_Bid,744398.8740924986,0.005
RATE-DEFAULT,PmtPull,7500.0,0.005
RATE-DEFAULT,ExitVal,1080733.8807999808,0.005
RATE-DEFAULT,BidNPV,951232.7990945256,0.005
RATE-DEFAULT,BidPct,0.9512327990945256,1e-09
RATE-DEFAULT,CY12,0.09461406301976825,1e-09
RATE-DEFAULT,MOIC,1.3174838819613124,1.3174838819613124e-09
RATE-DEFAULT,ImpDPO,0.0,1e-09
RATE-DEFAULT,BidMwVx,0.38049311963781024,1e-09
RATE-DEFAULT,F12P12,1.0227272727272727,1.0227272727272727e-09
RATE-DEFAULT,MTM,59.0,0.0
RATE-DEFAULT,MTA,271.0,0.0
RATE-DEFAULT,UseMTM,59.0,0.0
RATE-DEFAULT,BalAtExit,896995.9530129714,0.005
RATE-DEFAULT,YtmIRR,0.08523753204485658,1e-06
RATE-DEFAULT,YtmXIRR,0.08855800058040486,1e-06
RATE-DEFAULT,SellYTM,0.15000000000177283,1e-06
RATE-DEFAULT,MinHYTM,59.0,0.0
RATE-DEFAULT,MinHCY,1.0,0.0
RATE-DEFAULT,MinHMOIC,23.0,0.0
RATE-DEFAULT,MinHAll,59.0,0.0
RATE-DEFAULT,Net01,7500.0,0.005
RATE-DEFAULT,Net02,7500.0,0.005
RATE-DEFAULT,Net12,7500.0,0.005
RATE-DEFAULT,Net23,7500.0,0.005
RATE-DEFAULT,Net24,1080733.8807999808,0.005
RATE-DEFAULT,Net25,0.0,0.005
RATE-DEFAULT,Net36,0.0,0.005
RATE-DEFAULT,Net60,0.0,0.005
RATE-DEFAULT,Opt06_Bid,986742.9983794373,0.005
RATE-DEFAULT,Opt12_Bid,974229.240144848,0.005
RATE-DEFAULT,Opt24_Bid,951232.7990945256,0.005
RATE-DEFAULT,Opt36_Bid,930647.7755837578,0.005
RATE-DEFAULT,Opt60_Bid,895501.9445066743,0.005
RATE-USER,PmtPull,7500.0,0.005
RATE-USER,ExitVal,1007500.0,0.005
RATE-USER,BidNPV,896878.8274421792,0.005
RATE-USER,BidPct,0.8968788274421792,1e-09
RATE-USER,CY12,0.10034800381749696,1e-09
RATE-USER,MOIC,1.3156738278294047,1.3156738278294048e-09
RATE-USER,ImpDPO,0.0,1e-09
RATE-USER,BidMwVx,0.3587515309768717,1e-09
RATE-USER,F12P12,1.0227272727272727,1.0227272727272727e-09
RATE-USER,MTM,59.0,0.0
RATE-USER,MTA,271.0,0.0
RATE-USER,UseMTM,59.0,0.0
RATE-USER,BalAtExit,896995.9530129714,0.005
RATE-USER,YtmIRR,0.10036865684673942,1e-06
RATE-USER,YtmXIRR,0.10500923378591442,1e-06
RATE-USER,SellYTM,0.15000000000177283,1e-06
RATE-USER,MinHYTM,24.0,0.0
RATE-USER,MinHCY,1.0,0.0
RATE-USER,MinHMOIC,23.0,0.0
RATE-USER,MinHAll,24.0,0.0
RATE-USER,Net01,7500.0,0.005
RATE-USER,Net02,7500.0,0.005
RATE-USER,Net12,7500.0,0.005
RATE-USER,Net23,7500.0,0.005
RATE-USER,Net24,1007500.0,0.005
RATE-USER,Net25,0.0,0.005
RATE-USER,Net36,0.0,0.005
RATE-USER,Net60,0.0,0.005
RATE-USER,Opt06_Bid,971269.9503971824,0.005
RATE-USER,Opt12_Bid,944603.4401698156,0.005
RATE-USER,Opt24_Bid,896878.8274421792,0.005
RATE-USER,Opt36_Bid,855763.66312539,0.005
RATE-USER,Opt60_Bid,789827.0410274562,0.005
LEGAL-INIT-ONLY,PmtPull,7500.0,0.005
LEGAL-INIT-ONLY,ExitVal,969956.9866081129,0.005
LEGAL-INIT-ONLY,BidNPV,856612.4240324729,0.005
LEGAL-INIT-ONLY,BidPct,0.8566124240324728,1e-09
LEGAL-INIT-ONLY,CY12,0.0898889600941406,1e-09
LEGAL-INIT-ONLY,MOIC,1.318515766198246,1.3185157661982461e-09
LEGAL-INIT-ONLY,ImpDPO,0.0,1e-09
LEGAL-INIT-ONLY,BidMwVx,0.3426449696129892,1e-09
LEGAL-INIT-ONLY,F12P12,0.875,1e-09
LEGAL-INIT-ONLY,MTM,59.0,0.0
LEGAL-INIT-ONLY,MTA,271.0,0.0
LEGAL-INIT-ONLY,UseMTM,59.0,0.0
LEGAL-INIT-ONLY,BalAtExit,896995.9530129714,0.005
LEGAL-INIT-ONLY,YtmIRR,0.11229257599620654,1e-06
LEGAL-INIT-ONLY,YtmXIRR,0.11813348202814913,1e-06
LEGAL-INIT-ONLY,SellYTM,0.15000000000177283,1e-06
LEGAL-INIT-ONLY,MinHYTM,16.0,0.0
LEGAL-INIT-ONLY,MinHCY,1.0,0.0
LEGAL-INIT-ONLY,MinHMOIC,23.0,0.0
LEGAL-INIT-ONLY,MinHAll,25.0,0.0
LEGAL-INIT-ONLY,Net01,7500.0,0.005
LEGAL-INIT-ONLY,Net02,7500.0,0.005
LEGAL-INIT-ONLY,Net12,7500.0,0.005
LEGAL-INIT-ONLY,Net23,7500.0,0.005
LEGAL-INIT-ONLY,Net24,969956.9866081129,0.005
LEGAL-INIT-ONLY,Net25,0.0,0.005
LEGAL-INIT-ONLY,Net36,0.0,0.005
LEGAL-INIT-ONLY,Net60,0.0,0.005
LEGAL-INIT-ONLY,Opt06_Bid,951980.8372389299,0.005
LEGAL-INIT-ONLY,Opt12_Bid,916613.7469250937,0.005
LEGAL-INIT-ONLY,Opt24_Bid,856612.4240324729,0.005
LEGAL-INIT-ONLY,Opt36_Bid,805987.7534851294,0.005
LEGAL-INIT-ONLY,Opt60_Bid,727555.1596487903,0.005
LEGAL-ADDBACK-INITIAL,PmtPull,7500.0,0.005
LEGAL-ADDBACK-INITIAL,ExitVal,979956.9866081129,0.005
LEGAL-ADDBACK-INITIAL,BidNPV,864034.3947185274,0.005
LEGAL-ADDBACK-INITIAL,BidPct,0.8640343947185275,1e-09
LEGAL-ADDBACK-INITIAL,CY12,0.08911682274533057,1e-09
LEGAL-ADDBACK-INITIAL,MOIC,1.3187634584608274,1.3187634584608276e-09
LEGAL-ADDBACK-INITIAL,ImpDPO,-0.010309735522365138,1e-09
LEGAL-ADDBACK-INITIAL,BidMwVx,0.345613757887411,1e-09
LEGAL-ADDBACK-INITIAL,F12P12,0.875,1e-09
LEGAL-ADDBACK-INITIAL,MTM,59.0,0.0
LEGAL-ADDBACK-INITIAL,MTA,271.0,0.0
LEGAL-ADDBACK-INITIAL,UseMTM,59.0,0.0
LEGAL-ADDBACK-INITIAL,BalAtExit,896995.9530129714,0.005
LEGAL-ADDBACK-INITIAL,YtmIRR,0.11004552927583902,1e-06
LEGAL-ADDBACK-INITIAL,YtmXIRR,0.11564937500782821,1e-06
LEGAL-ADDBACK-INITIAL,SellYTM,0.15000000000177283,1e-06
LEGAL-ADDBACK-INITIAL,MinHYTM,18.0,0.0
LEGAL-ADDBACK-INITIAL,MinHCY,1.0,0.0
LEGAL-ADDBACK-INITIAL,MinHMOIC,23.0,0.0
LEGAL-ADDBACK-INITIAL,MinHAll,26.0,0.0
LEGAL-ADDBACK-INITIAL,Net01,7500.0,0.005
LEGAL-ADDBACK-INITIAL,Net02,7500.0,0.005
LEGAL-ADDBACK-INITIAL,Net12,7500.0,0.005
LEGAL-ADDBACK-INITIAL,Net23,7500.0,0.005
LEGAL-ADDBACK-INITIAL,Net24,979956.9866081129,0.005
LEGAL-ADDBACK-INITIAL,Net25,0.0,0.005
LEGAL-ADDBACK-INITIAL,Net36,0.0,0.005
LEGAL-ADDBACK-INITIAL,Net60,0.0,0.005
LEGAL-ADDBACK-INITIAL,Opt06_Bid,961262.5859988595,0.005
LEGAL-ADDBACK-INITIAL,Opt12_Bid,925228.832929339,0.005
LEGAL-ADDBACK-INITIAL,Opt24_Bid,864034.3947185274,0.005
LEGAL-ADDBACK-INITIAL,Opt36_Bid,812381.8450632642,0.005
LEGAL-ADDBACK-INITIAL,Opt60_Bid,732300.8356744766,0.005
LEGAL-ADDBACK-BOTH,PmtPull,7500.0,0.005
LEGAL-ADDBACK-BOTH,ExitVal,982956.9866081129,0.005
LEGAL-ADDBACK-BOTH,BidNPV,866260.9859243437,0.005
LEGAL-ADDBACK-BOTH,BidPct,0.8662609859243436,1e-09
LEGAL-ADDBACK-BOTH,CY12,0.08888776159974139,1e-09
LEGAL-ADDBACK-BOTH,MOIC,1.3188369384880636,1.3188369384880638e-09
LEGAL-ADDBACK-BOTH,ImpDPO,-0.013402656179074768,1e-09
LEGAL-ADDBACK-BOTH,BidMwVx,0.34650439436973746,1e-09
LEGAL-ADDBACK-BOTH,F12P12,0.875,1e-09
LEGAL-ADDBACK-BOTH,MTM,59.0,0.0
LEGAL-ADDBACK-BOTH,MTA,271.0,0.0
LEGAL-ADDBACK-BOTH,UseMTM,59.0,0.0
LEGAL-ADDBACK-BOTH,BalAtExit,896995.9530129714,0.005
LEGAL-ADDBACK-BOTH,YtmIRR,0.10937586921513615,1e-06
LEGAL-ADDBACK-BOTH,YtmXIRR,0.11491004463769985,1e-06
LEGAL-ADDBACK-BOTH,SellYTM,0.15000000000177283,1e-06
LEGAL-ADDBACK-BOTH,MinHYTM,18.0,0.0
LEGAL-ADDBACK-BOTH,MinHCY,1.0,0.0
LEGAL-ADDBACK-BOTH,MinHMOIC,23.0,0.0
LEGAL-ADDBACK-BOTH,MinHAll,27.0,0.0
LEGAL-ADDBACK-BOTH,Net01,7500.0,0.005
LEGAL-ADDBACK-BOTH,Net02,7500.0,0.005
LEGAL-ADDBACK-BOTH,Net12,7500.0,0.005
LEGAL-ADDBACK-BOTH,Net23,7500.0,0.005
LEGAL-ADDBACK-BOTH,Net24,982956.9866081129,0.005
LEGAL-ADDBACK-BOTH,Net25,0.0,0.005
LEGAL-ADDBACK-BOTH,Net36,0.0,0.005
LEGAL-ADDBACK-BOTH,Net60,0.0,0.005
LEGAL-ADDBACK-BOTH,Opt06_Bid,962654.848312849,0.005
LEGAL-ADDBACK-BOTH,Opt12_Bid,927813.3587306127,0.005
LEGAL-ADDBACK-BOTH,Opt24_Bid,866260.9859243437,0.005
LEGAL-ADDBACK-BOTH,Opt36_Bid,814300.0725367046,0.005
LEGAL-ADDBACK-BOTH,Opt60_Bid,733724.5384821825,0.005
LEGAL-START0,PmtPull,7500.0,0.005
LEGAL-START0,ExitVal,969956.9866081129,0.005
LEGAL-START0,BidNPV,869014.5129561055,0.005
LEGAL-START0,BidPct,0.8690145129561055,1e-09
LEGAL-START0,CY12,0.10356558913366037,1e-09
LEGAL-START0,MOIC,1.3146581208659505,1.3146581208659506e-09
LEGAL-START0,ImpDPO,0.0,1e-09
LEGAL-START0,BidMwVx,0.3476058051824422,1e-09
LEGAL-START0,F12P12,1.0227272727272727,1.0227272727272727e-09
LEGAL-START0,MTM,59.0,0.0
LEGAL-START0,MTA,271.0,0.0
LEGAL-START0,UseMTM,59.0,0.0
LEGAL-START0,BalAtExit,896995.9530129714,0.005
LEGAL-START0,YtmIRR,0.10855054205389866,1e-06
LEGAL-START0,YtmXIRR,0.11399946893819307,1e-06
LEGAL-START0,SellYTM,0.15000000000177283,1e-06
LEGAL-START0,MinHYTM,18.0,0.0
LEGAL-START0,MinHCY,1.0,0.0
LEGAL-START0,MinHMOIC,23.0,0.0
LEGAL-START0,MinHAll,23.0,0.0
LEGAL-START0,Net01,7500.0,0.005
LEGAL-START0,Net02,7500.0,0.005
LEGAL-START0,Net12,7500.0,0.005
LEGAL-START0,Net23,7500.0,0.005
LEGAL-START0,Net24,969956.9866081129,0.005
LEGAL-START0,Net25,0.0,0.005
LEGAL-START0,Net36,0.0,0.005
LEGAL-START0,Net60,0.0,0.005
LEGAL-START0,Opt06_Bid,963024.7586320802,0.005
LEGAL-START0,Opt12_Bid,929015.8358487263,0.005
LEGAL-START0,Opt24_Bid,869014.5129561055,0.005
LEGAL-START0,Opt36_Bid,818389.8424087621,0.005
LEGAL-START0,Opt60_Bid,739957.248572423,0.005
LEGAL-START-AFTER-EXIT,PmtPull,7500.0,0.005
LEGAL-START-AFTER-EXIT,ExitVal,969956.9866081129,0.005
LEGAL-START-AFTER-EXIT,BidNPV,862125.6262349535,0.005
LEGAL-START-AFTER-EXIT,BidPct,0.8621256262349535,1e-09
LEGAL-START-AFTER-EXIT,CY12,0.10439313861141679,1e-09
LEGAL-START-AFTER-EXIT,MOIC,1.3135637686049788,1.313563768604979e-09
LEGAL-START-AFTER-EXIT,ImpDPO,0.0,1e-09
LEGAL-START-AFTER-EXIT,BidMwVx,0.34485025049398144,1e-09
LEGAL-START-AFTER-EXIT,F12P12,1.0227272727272727,1.0227272727272727e-09
LEGAL-START-AFTER-EXIT,MTM,59.0,0.0
LEGAL-START-AFTER-EXIT,MTA,271.0,0.0
LEGAL-START-AFTER-EXIT,UseMTM,59.0,0.0
LEGAL-START-AFTER-EXIT,BalAtExit,896995.9530129714,0.005
LEGAL-START-AFTER-EXIT,YtmIRR,0.11062123079432168,1e-06
LEGAL-START-AFTER-EXIT,YtmXIRR,0.11628533033766336,1e-06
LEGAL-START-AFTER-EXIT,SellYTM,,1e-06
LEGAL-START-AFTER-EXIT,MinHYTM,17.0,0.0
LEGAL-START-AFTER-EXIT,MinHCY,1.0,0.0
LEGAL-START-AFTER-EXIT,MinHMOIC,24.0,0.0
LEGAL-START-AFTER-EXIT,MinHAll,24.0,0.0
LEGAL-START-AFTER-EXIT,Net01,7500.0,0.005
LEGAL-START-AFTER-EXIT,Net02,7500.0,0.005
LEGAL-START-AFTER-EXIT,Net12,7500.0,0.005
LEGAL-START-AFTER-EXIT,Net23,7500.0,0.005
LEGAL-START-AFTER-EXIT,Net24,969956.9866081129,0.005
LEGAL-START-AFTER-EXIT,Net25,0.0,0.005
LEGAL-START-AFTER-EXIT,Net36,0.0,0.005
LEGAL-START-AFTER-EXIT,Net60,0.0,0.005
LEGAL-START-AFTER-EXIT,Opt06_Bid,956135.8719109282,0.005
LEGAL-START-AFTER-EXIT,Opt12_Bid,922126.9491275743,0.005
LEGAL-START-AFTER-EXIT,Opt24_Bid,862125.6262349535,0.005
LEGAL-START-AFTER-EXIT,Opt36_Bid,809521.7751155412,0.005
LEGAL-START-AFTER-EXIT,Opt60_Bid,729849.3483848902,0.005
LEGAL-END-BEFORE-START,PmtPull,7500.0,0.005
LEGAL-END-BEFORE-START,ExitVal,976956.9866081129,0.005
LEGAL-END-BEFORE-START,BidNPV,865267.6855590348,0.005
LEGAL-END-BEFORE-START,BidPct,0.8652676855590348,1e-09
LEGAL-END-BEFORE-START,CY12,0.09245693712497001,1e-09
LEGAL-END-BEFORE-START,MOIC,1.3168837870929262,1.3168837870929263e-09
LEGAL-END-BEFORE-START,ImpDPO,-0.00721681486565573,1e-09
LEGAL-END-BEFORE-START,BidMwVx,0.3461070742236139,1e-09
LEGAL-END-BEFORE-START,F12P12,0.9090909090909091,1e-09
LEGAL-END-BEFORE-START,MTM,59.0,0.0
LEGAL-END-BEFORE-START,MTA,271.0,0.0
LEGAL-END-BEFORE-START,UseMTM,59.0,0.0
LEGAL-END-BEFORE-START,BalAtExit,896995.9530129714,0.005
LEGAL-END-BEFORE-START,YtmIRR,0.10967435796132964,1e-06
LEGAL-END-BEFORE-START,YtmXIRR,0.11523953222470457,1e-06
LEGAL-END-BEFORE-START,SellYTM,0.15000000000177283,1e-06
LEGAL-END-BEFORE-START,MinHYTM,18.0,0.0
LEGAL-END-BEFORE-START,MinHCY,1.0,0.0
LEGAL-END-BEFORE-START,MinHMOIC,23.0,0.0
LEGAL-END-BEFORE-START,MinHAll,23.0,0.0
LEGAL-END-BEFORE-START,Net01,7500.0,0.005
LEGAL-END-BEFORE-START,Net02,7500.0,0.005
LEGAL-END-BEFORE-START,Net12,7500.0,0.005
LEGAL-END-BEFORE-START,Net23,7500.0,0.005
LEGAL-END-BEFORE-START,Net24,976956.9866081129,0.005
LEGAL-END-BEFORE-START,Net25,0.0,0.005
LEGAL-END-BEFORE-START,Net36,0.0,0.005
LEGAL-END-BEFORE-START,Net60,0.0,0.005
LEGAL-END-BEFORE-START,Opt06_Bid,960579.7758867219,0.005
LEGAL-END-BEFORE-START,Opt12_Bid,926104.1891743892,0.005
LEGAL-END-BEFORE-START,Opt24_Bid,865267.6855590348,0.005
LEGAL-END-BEFORE-START,Opt36_Bid,813923.4996361475,0.005
LEGAL-END-BEFORE-START,Opt60_Bid,734337.0149130945,0.005
LEGAL-IRRSOLVE,PmtPull,7500.0,0.005
LEGAL-IRRSOLVE,ExitVal,936422.2011096474,0.005
LEGAL-IRRSOLVE,BidNPV,831723.0045391994,0.005
LEGAL-IRRSOLVE,BidPct,0.8317230045391995,1e-09
LEGAL-IRRSOLVE,CY12,0.09257889896006954,1e-09
LEGAL-IRRSOLVE,MOIC,1.317652866553598,1.3176528665535982e-09
LEGAL-IRRSOLVE,ImpDPO,0.03457347692884283,1e-09
LEGAL-IRRSOLVE,BidMwVx,0.33268920181567974,1e-09
LEGAL-IRRSOLVE,F12P12,0.875,1e-09
LEGAL-IRRSOLVE,MTM,59.0,0.0
LEGAL-IRRSOLVE,MTA,271.0,0.0
LEGAL-IRRSOLVE,UseMTM,59.0,0.0
LEGAL-IRRSOLVE,BalAtExit,896995.9530129714,0.005
LEGAL-IRRSOLVE,YtmIRR,0.12000000000220948,1e-06
LEGAL-IRRSOLVE,YtmXIRR,0.126692552453401,1e-06
LEGAL-IRRSOLVE,SellYTM,0.15000000000177283,1e-06
LEGAL-IRRSOLVE,MinHYTM,1.0,0.0
LEGAL-IRRSOLVE,MinHCY,1.0,0.0
LEGAL-IRRSOLVE,MinHMOIC,23.0,0.0
LEGAL-IRRSOLVE,MinHAll,23.0,0.0
LEGAL-IRRSOLVE,Net01,7500.0,0.005
LEGAL-IRRSOLVE,Net02,7500.0,0.005
LEGAL-IRRSOLVE,Net12,7500.0,0.005
LEGAL-IRRSOLVE,Net23,7500.0,0.005
LEGAL-IRRSOLVE,Net24,936422.2011096474,0.005
LEGAL-IRRSOLVE,Net25,0.0,0.005
LEGAL-IRRSOLVE,Net36,0.0,0.005
LEGAL-IRRSOLVE,Net60,0.0,0.005
LEGAL-IRRSOLVE,Opt06_Bid,831258.9171012025,0.005
LEGAL-IRRSOLVE,Opt12_Bid,831723.0045391992,0.005
LEGAL-IRRSOLVE,Opt24_Bid,831723.0045391994,0.005
LEGAL-IRRSOLVE,Opt36_Bid,831723.0045391996,0.005
LEGAL-IRRSOLVE,Opt60_Bid,831723.0045392001,0.005
D360-FEB28,PmtPull,7500.0,0.005
D360-FEB28,ExitVal,969956.9866081129,0.005
D360-FEB28,BidNPV,869014.5129561055,0.005
D360-FEB28,BidPct,0.8690145129561055,1e-09
D360-FEB28,CY12,0.10356558913366037,1e-09
D360-FEB28,MOIC,1.3146581208659505,1.3146581208659506e-09
D360-FEB28,ImpDPO,0.0,1e-09
D360-FEB28,BidMwVx,0.3476058051824422,1e-09
D360-FEB28,F12P12,1.0227272727272727,1.0227272727272727e-09
D360-FEB28,MTM,24.0,0.0
D360-FEB28,MTA,271.0,0.0
D360-FEB28,UseMTM,23.0,0.0
D360-FEB28,BalAtExit,964132.0223066767,0.005
D360-FEB28,YtmIRR,0.15306529021177012,1e-06
D360-FEB28,YtmXIRR,0.1644766388820033,1e-06
D360-FEB28,SellYTM,0.15000000000177283,1e-06
D360-FEB28,MinHYTM,8.0,0.0
D360-FEB28,MinHCY,1.0,0.0
D360-FEB28,MinHMOIC,23.0,0.0
D360-FEB28,MinHAll,23.0,0.0
D360-FEB28,Net01,7500.0,0.005
D360-FEB28,Net02,7500.0,0.005
D360-FEB28,Net12,7500.0,0.005
D360-FEB28,Net23,7500.0,0.005
D360-FEB28,Net24,969956.9866081129,0.005
D360-FEB28,Net25,0.0,0.005
D360-FEB28,Net36,0.0,0.005
D360-FEB28,Net60,0.0,0.005
D360-FEB28,Opt06_Bid,963024.7586320802,0.005
D360-FEB28,Opt12_Bid,929015.8358487263,0.005
D360-FEB28,Opt24_Bid,869014.5129561055,0.005
D360-FEB28,Opt36_Bid,818389.8424087621,0.005
D360-FEB28,Opt60_Bid,739957.248572423,0.005
D360-JAN30-FEB28,PmtPull,7500.0,0.005
D360-JAN30-FEB28,ExitVal,969956.9866081129,0.005
D360-JAN30-FEB28,BidNPV,869014.5129561055,0.005
D360-JAN30-FEB28,BidPct,0.8690145129561055,1e-09
D360-JAN30-FEB28,CY12,0.10356558913366037,1e-09
D360-JAN30-FEB28,MOIC,1.3146581208659505,1.3146581208659506e-09
D360-JAN30-FEB28,ImpDPO,0.0,1e-09
D360-JAN30-FEB28,BidMwVx,0.3476058051824422,1e-09
D360-JAN30-FEB28,F12P12,1.0227272727272727,1.0227272727272727e-09
D360-JAN30-FEB28,MTM,12.0,0.0
D360-JAN30-FEB28,MTA,271.0,0.0
D360-JAN30-FEB28,UseMTM,12.0,0.0
D360-JAN30-FEB28,BalAtExit,981906.6178638171,0.005
D360-JAN30-FEB28,YtmIRR,0.22084361506926986,1e-06
D360-JAN30-FEB28,YtmXIRR,0.24469846507248783,1e-06
D360-JAN30-FEB28,SellYTM,0.15000000000177283,1e-06
D360-JAN30-FEB28,MinHYTM,5.0,0.0
D360-JAN30-FEB28,MinHCY,1.0,0.0
D360-JAN30-FEB28,MinHMOIC,23.0,0.0
D360-JAN30-FEB28,MinHAll,23.0,0.0
D360-JAN30-FEB28,Net01,7500.0,0.005
D360-JAN30-FEB28,Net02,7500.0,0.005
D360-JAN30-FEB28,Net12,7500.0,0.005
D360-JAN30-FEB28,Net23,7500.0,0.005
D360-JAN30-FEB28,Net24,969956.9866081129,0.005
D360-JAN30-FEB28,Net25,0.0,0.005
D360-JAN30-FEB28,Net36,0.0,0.005
D360-JAN30-FEB28,Net60,0.0,0.005
D360-JAN30-FEB28,Opt06_Bid,963024.7586320802,0.005
D360-JAN30-FEB28,Opt12_Bid,929015.8358487263,0.005
D360-JAN30-FEB28,Opt24_Bid,869014.5129561055,0.005
D360-JAN30-FEB28,Opt36_Bid,818389.8424087621,0.005
D360-JAN30-FEB28,Opt60_Bid,739957.248572423,0.005
D360-MAT-BEFORE-CUTOFF,PmtPull,7500.0,0.005
D360-MAT-BEFORE-CUTOFF,ExitVal,969956.9866081129,0.005
D360-MAT-BEFORE-CUTOFF,BidNPV,869014.5129561055,0.005
D360-MAT-BEFORE-CUTOFF,BidPct,0.8690145129561055,1e-09
D360-MAT-BEFORE-CUTOFF,CY12,0.10356558913366037,1e-09
D360-MAT-BEFORE-CUTOFF,MOIC,1.3146581208659505,1.3146581208659506e-09
D360-MAT-BEFORE-CUTOFF,ImpDPO,0.0,1e-09
D360-MAT-BEFORE-CUTOFF,BidMwVx,0.3476058051824422,1e-09
D360-MAT-BEFORE-CUTOFF,F12P12,1.0227272727272727,1.0227272727272727e-09
D360-MAT-BEFORE-CUTOFF,MTM,-18.0,0.0
D360-MAT-BEFORE-CUTOFF,MTA,271.0,0.0
D360-MAT-BEFORE-CUTOFF,UseMTM,0.0,0.0
D360-MAT-BEFORE-CUTOFF,BalAtExit,,0.005
D360-MAT-BEFORE-CUTOFF,YtmIRR,,1e-06
D360-MAT-BEFORE-CUTOFF,YtmXIRR,,1e-06
D360-MAT-BEFORE-CUTOFF,SellYTM,0.15000000000177283,1e-06
D360-MAT-BEFORE-CUTOFF,MinHYTM,,0.0
D360-MAT-BEFORE-CUTOFF,MinHCY,1.0,0.0
D360-MAT-BEFORE-CUTOFF,MinHMOIC,23.0,0.0
D360-MAT-BEFORE-CUTOFF,MinHAll,,0.0
D360-MAT-BEFORE-CUTOFF,Net01,7500.0,0.005
D360-MAT-BEFORE-CUTOFF,Net02,7500.0,0.005
D360-MAT-BEFORE-CUTOFF,Net12,7500.0,0.005
D360-MAT-BEFORE-CUTOFF,Net23,7500.0,0.005
D360-MAT-BEFORE-CUTOFF,Net24,969956.9866081129,0.005
D360-MAT-BEFORE-CUTOFF,Net25,0.0,0.005
D360-MAT-BEFORE-CUTOFF,Net36,0.0,0.005
D360-MAT-BEFORE-CUTOFF,Net60,0.0,0.005
D360-MAT-BEFORE-CUTOFF,Opt06_Bid,963024.7586320802,0.005
D360-MAT-BEFORE-CUTOFF,Opt12_Bid,929015.8358487263,0.005
D360-MAT-BEFORE-CUTOFF,Opt24_Bid,869014.5129561055,0.005
D360-MAT-BEFORE-CUTOFF,Opt36_Bid,818389.8424087621,0.005
D360-MAT-BEFORE-CUTOFF,Opt60_Bid,739957.248572423,0.005
DATEDIF-DAYROLL,PmtPull,7500.0,0.005
DATEDIF-DAYROLL,ExitVal,969956.9866081129,0.005
DATEDIF-DAYROLL,BidNPV,869014.5129561055,0.005
DATEDIF-DAYROLL,BidPct,0.8690145129561055,1e-09
DATEDIF-DAYROLL,CY12,0.10356558913366037,1e-09
DATEDIF-DAYROLL,MOIC,1.3146581208659505,1.3146581208659506e-09
DATEDIF-DAYROLL,ImpDPO,0.0,1e-09
DATEDIF-DAYROLL,BidMwVx,0.3476058051824422,1e-09
DATEDIF-DAYROLL,F12P12,1.0227272727272727,1.0227272727272727e-09
DATEDIF-DAYROLL,MTM,58.0,0.0
DATEDIF-DAYROLL,MTA,271.0,0.0
DATEDIF-DAYROLL,UseMTM,58.0,0.0
DATEDIF-DAYROLL,BalAtExit,899064.107364312,0.005
DATEDIF-DAYROLL,YtmIRR,0.10903128138484064,1e-06
DATEDIF-DAYROLL,YtmXIRR,0.11455910611006795,1e-06
DATEDIF-DAYROLL,SellYTM,0.15000000000177283,1e-06
DATEDIF-DAYROLL,MinHYTM,18.0,0.0
DATEDIF-DAYROLL,MinHCY,1.0,0.0
DATEDIF-DAYROLL,MinHMOIC,23.0,0.0
DATEDIF-DAYROLL,MinHAll,23.0,0.0
DATEDIF-DAYROLL,Net01,7500.0,0.005
DATEDIF-DAYROLL,Net02,7500.0,0.005
DATEDIF-DAYROLL,Net12,7500.0,0.005
DATEDIF-DAYROLL,Net23,7500.0,0.005
DATEDIF-DAYROLL,Net24,969956.9866081129,0.005
DATEDIF-DAYROLL,Net25,0.0,0.005
DATEDIF-DAYROLL,Net36,0.0,0.005
DATEDIF-DAYROLL,Net60,0.0,0.005
DATEDIF-DAYROLL,Opt06_Bid,963024.7586320802,0.005
DATEDIF-DAYROLL,Opt12_Bid,929015.8358487263,0.005
DATEDIF-DAYROLL,Opt24_Bid,869014.5129561055,0.005
DATEDIF-DAYROLL,Opt36_Bid,818389.8424087621,0.005
DATEDIF-DAYROLL,Opt60_Bid,739957.248572423,0.005
YTM-J2-FLOOR,PmtPull,7500.0,0.005
YTM-J2-FLOOR,ExitVal,969956.9866081129,0.005
YTM-J2-FLOOR,BidNPV,869014.5129561055,0.005
YTM-J2-FLOOR,BidPct,0.8690145129561055,1e-09
YTM-J2-FLOOR,CY12,0.10356558913366037,1e-09
YTM-J2-FLOOR,MOIC,1.3146581208659505,1.3146581208659506e-09
YTM-J2-FLOOR,ImpDPO,0.0,1e-09
YTM-J2-FLOOR,BidMwVx,0.3476058051824422,1e-09
YTM-J2-FLOOR,F12P12,1.0227272727272727,1.0227272727272727e-09
YTM-J2-FLOOR,MTM,8.0,0.0
YTM-J2-FLOOR,MTA,271.0,0.0
YTM-J2-FLOOR,UseMTM,24.0,0.0
YTM-J2-FLOOR,BalAtExit,962456.9866081129,0.005
YTM-J2-FLOOR,YtmIRR,0.15000000000177283,1e-06
YTM-J2-FLOOR,YtmXIRR,0.16049884226681027,1e-06
YTM-J2-FLOOR,SellYTM,0.15000000000177283,1e-06
YTM-J2-FLOOR,MinHYTM,9.0,0.0
YTM-J2-FLOOR,MinHCY,1.0,0.0
YTM-J2-FLOOR,MinHMOIC,23.0,0.0
YTM-J2-FLOOR,MinHAll,23.0,0.0
YTM-J2-FLOOR,Net01,7500.0,0.005
YTM-J2-FLOOR,Net02,7500.0,0.005
YTM-J2-FLOOR,Net12,7500.0,0.005
YTM-J2-FLOOR,Net23,7500.0,0.005
YTM-J2-FLOOR,Net24,969956.9866081129,0.005
YTM-J2-FLOOR,Net25,0.0,0.005
YTM-J2-FLOOR,Net36,0.0,0.005
YTM-J2-FLOOR,Net60,0.0,0.005
YTM-J2-FLOOR,Opt06_Bid,963024.7586320802,0.005
YTM-J2-FLOOR,Opt12_Bid,929015.8358487263,0.005
YTM-J2-FLOOR,Opt24_Bid,869014.5129561055,0.005
YTM-J2-FLOOR,Opt36_Bid,818389.8424087621,0.005
YTM-J2-FLOOR,Opt60_Bid,739957.248572423,0.005
NPER-PMT-LT-INTEREST,PmtPull,5000.0,0.005
NPER-PMT-LT-INTEREST,ExitVal,1031816.4381370624,0.005
NPER-PMT-LT-INTEREST,BidNPV,865221.3229390354,0.005
NPER-PMT-LT-INTEREST,BidPct,0.8652213229390354,1e-09
NPER-PMT-LT-INTEREST,CY12,0.06934641855125394,1e-09
NPER-PMT-LT-INTEREST,MOIC,1.325460212008516,1.3254602120085161e-09
NPER-PMT-LT-INTEREST,ImpDPO,0.0,1e-09
NPER-PMT-LT-INTEREST,BidMwVx,0.34608852917561417,1e-09
NPER-PMT-LT-INTEREST,F12P12,0.6818181818181818,1e-09
NPER-PMT-LT-INTEREST,MTM,59.0,0.0
NPER-PMT-LT-INTEREST,MTA,360.0,0.0
NPER-PMT-LT-INTEREST,UseMTM,59.0,0.0
NPER-PMT-LT-INTEREST,BalAtExit,1073574.319276449,0.005
NPER-PMT-LT-INTEREST,YtmIRR,0.10679843339807958,1e-06
NPER-PMT-LT-INTEREST,YtmXIRR,0.11207716502856233,1e-06
NPER-PMT-LT-INTEREST,SellYTM,0.15000000000177283,1e-06
NPER-PMT-LT-INTEREST,MinHYTM,20.0,0.0
NPER-PMT-LT-INTEREST,MinHCY,1.0,0.0
NPER-PMT-LT-INTEREST,MinHMOIC,23.0,0.0
NPER-PMT-LT-INTEREST,MinHAll,,0.0
NPER-PMT-LT-INTEREST,Net01,5000.0,0.005
NPER-PMT-LT-INTEREST,Net02,5000.0,0.005
NPER-PMT-LT-INTEREST,Net12,5000.0,0.005
NPER-PMT-LT-INTEREST,Net23,5000.0,0.005
NPER-PMT-LT-INTEREST,Net24,1031816.4381370624,0.005
NPER-PMT-LT-INTEREST,Net25,0.0,0.005
NPER-PMT-LT-INTEREST,Net36,0.0,0.005
NPER-PMT-LT-INTEREST,Net60,0.0,0.005
NPER-PMT-LT-INTEREST,Opt06_Bid,962794.3482851322,0.005
NPER-PMT-LT-INTEREST,Opt12_Bid,928039.1633412153,0.005
NPER-PMT-LT-INTEREST,Opt24_Bid,865221.3229390354,0.005
NPER-PMT-LT-INTEREST,Opt36_Bid,810341.0809142472,0.005
NPER-PMT-LT-INTEREST,Opt60_Bid,720361.8418662068,0.005
NPER-BIG,PmtPull,6100.0,0.005
NPER-BIG,ExitVal,1004598.2794643246,0.005
NPER-BIG,BidNPV,866890.3265465463,0.005
NPER-BIG,BidPct,0.8668903265465463,1e-09
NPER-BIG,CY12,0.08443974717264266,1e-09
NPER-BIG,MOIC,1.320695645578704,1.3206956455787042e-09
NPER-BIG,ImpDPO,0.0,1e-09
NPER-BIG,BidMwVx,0.34675613061861854,1e-09
NPER-BIG,F12P12,0.8318181818181818,1e-09
NPER-BIG,MTM,59.0,0.0
NPER-BIG,MTA,360.0,0.0
NPER-BIG,UseMTM,59.0,0.0
NPER-BIG,BalAtExit,995879.8381205188,0.005
NPER-BIG,YtmIRR,0.10753681280052593,1e-06
NPER-BIG,YtmXIRR,0.11288693136105593,1e-06
NPER-BIG,SellYTM,0.15000000000177283,1e-06
NPER-BIG,MinHYTM,19.0,0.0
NPER-BIG,MinHCY,1.0,0.0
NPER-BIG,MinHMOIC,23.0,0.0
NPER-BIG,MinHAll,37.0,0.0
NPER-BIG,Net01,6100.0,0.005
NPER-BIG,Net02,6100.0,0.005
NPER-BIG,Net12,6100.0,0.005
NPER-BIG,Net23,6100.0,0.005
NPER-BIG,Net24,1004598.2794643246,0.005
NPER-BIG,Net25,0.0,0.005
NPER-BIG,Net36,0.0,0.005
NPER-BIG,Net60,0.0,0.005
NPER-BIG,Opt06_Bid,962895.7288377893,0.005
NPER-BIG,Opt12_Bid,928468.8992445203,0.005
NPER-BIG,Opt24_Bid,866890.3265465463,0.005
NPER-BIG,Opt36_Bid,813882.5359718339,0.005
NPER-BIG,Opt60_Bid,728983.8208169419,0.005
OVERRIDE-NONE,PmtPull,7500.0,0.005
OVERRIDE-NONE,ExitVal,969956.9866081129,0.005
OVERRIDE-NONE,BidNPV,869014.5129561055,0.005
OVERRIDE-NONE,BidPct,0.8690145129561055,1e-09
OVERRIDE-NONE,CY12,0.10356558913366037,1e-09
OVERRIDE-NONE,MOIC,1.3146581208659505,1.3146581208659506e-09
OVERRIDE-NONE,ImpDPO,0.0,1e-09
OVERRIDE-NONE,BidMwVx,0.3476058051824422,1e-09
OVERRIDE-NONE,F12P12,1.0227272727272727,1.0227272727272727e-09
OVERRIDE-NONE,MTM,59.0,0.0
OVERRIDE-NONE,MTA,271.0,0.0
OVERRIDE-NONE,UseMTM,59.0,0.0
OVERRIDE-NONE,BalAtExit,896995.9530129714,0.005
OVERRIDE-NONE,YtmIRR,0.10855054205389866,1e-06
OVERRIDE-NONE,YtmXIRR,0.11399946893819307,1e-06
OVERRIDE-NONE,SellYTM,0.15000000000177283,1e-06
OVERRIDE-NONE,MinHYTM,18.0,0.0
OVERRIDE-NONE,MinHCY,1.0,0.0
OVERRIDE-NONE,MinHMOIC,23.0,0.0
OVERRIDE-NONE,MinHAll,23.0,0.0
OVERRIDE-NONE,Net01,7500.0,0.005
OVERRIDE-NONE,Net02,7500.0,0.005
OVERRIDE-NONE,Net12,7500.0,0.005
OVERRIDE-NONE,Net23,7500.0,0.005
OVERRIDE-NONE,Net24,969956.9866081129,0.005
OVERRIDE-NONE,Net25,0.0,0.005
OVERRIDE-NONE,Net36,0.0,0.005
OVERRIDE-NONE,Net60,0.0,0.005
OVERRIDE-NONE,Opt06_Bid,963024.7586320802,0.005
OVERRIDE-NONE,Opt12_Bid,929015.8358487263,0.005
OVERRIDE-NONE,Opt24_Bid,869014.5129561055,0.005
OVERRIDE-NONE,Opt36_Bid,818389.8424087621,0.005
OVERRIDE-NONE,Opt60_Bid,739957.248572423,0.005
OPT-HURDLE-HIGH,PmtPull,7500.0,0.005
OPT-HURDLE-HIGH,ExitVal,969956.9866081129,0.005
OPT-HURDLE-HIGH,BidNPV,869014.5129561055,0.005
OPT-HURDLE-HIGH,BidPct,0.8690145129561055,1e-09
OPT-HURDLE-HIGH,CY12,0.10356558913366037,1e-09
OPT-HURDLE-HIGH,MOIC,1.3146581208659505,1.3146581208659506e-09
OPT-HURDLE-HIGH,ImpDPO,0.0,1e-09
OPT-HURDLE-HIGH,BidMwVx,0.3476058051824422,1e-09
OPT-HURDLE-HIGH,F12P12,1.0227272727272727,1.0227272727272727e-09
OPT-HURDLE-HIGH,MTM,59.0,0.0
OPT-HURDLE-HIGH,MTA,271.0,0.0
OPT-HURDLE-HIGH,UseMTM,59.0,0.0
OPT-HURDLE-HIGH,BalAtExit,896995.9530129714,0.005
OPT-HURDLE-HIGH,YtmIRR,0.10855054205389866,1e-06
OPT-HURDLE-HIGH,YtmXIRR,0.11399946893819307,1e-06
OPT-HURDLE-HIGH,SellYTM,0.15000000000177283,1e-06
OPT-HURDLE-HIGH,MinHYTM,,0.0
OPT-HURDLE-HIGH,MinHCY,1.0,0.0
OPT-HURDLE-HIGH,MinHMOIC,,0.0
OPT-HURDLE-HIGH,MinHAll,,0.0
OPT-HURDLE-HIGH,Net01,7500.0,0.005
OPT-HURDLE-HIGH,Net02,7500.0,0.005
OPT-HURDLE-HIGH,Net12,7500.0,0.005
OPT-HURDLE-HIGH,Net23,7500.0,0.005
OPT-HURDLE-HIGH,Net24,969956.9866081129,0.005
OPT-HURDLE-HIGH,Net25,0.0,0.005
OPT-HURDLE-HIGH,Net36,0.0,0.005
OPT-HURDLE-HIGH,Net60,0.0,0.005
OPT-HURDLE-HIGH,Opt06_Bid,963024.7586320802,0.005
OPT-HURDLE-HIGH,Opt12_Bid,929015.8358487263,0.005
OPT-HURDLE-HIGH,Opt24_Bid,869014.5129561055,0.005
OPT-HURDLE-HIGH,Opt36_Bid,818389.8424087621,0.005
OPT-HURDLE-HIGH,Opt60_Bid,739957.248572423,0.005
OPT-HURDLE-LOW,PmtPull,7500.0,0.005
OPT-HURDLE-LOW,ExitVal,969956.9866081129,0.005
OPT-HURDLE-LOW,BidNPV,869014.5129561055,0.005
OPT-HURDLE-LOW,BidPct,0.8690145129561055,1e-09
OPT-HURDLE-LOW,CY12,0.10356558913366037,1e-09
OPT-HURDLE-LOW,MOIC,1.3146581208659505,1.3146581208659506e-09
OPT-HURDLE-LOW,ImpDPO,0.0,1e-09
OPT-HURDLE-LOW,BidMwVx,0.3476058051824422,1e-09
OPT-HURDLE-LOW,F12P12,1.0227272727272727,1.0227272727272727e-09
OPT-HURDLE-LOW,MTM,59.0,0.0
OPT-HURDLE-LOW,MTA,271.0,0.0
OPT-HURDLE-LOW,UseMTM,59.0,0.0
OPT-HURDLE-LOW,BalAtExit,896995.9530129714,0.005
OPT-HURDLE-LOW,YtmIRR,0.10855054205389866,1e-06
OPT-HURDLE-LOW,YtmXIRR,0.11399946893819307,1e-06
OPT-HURDLE-LOW,SellYTM,0.15000000000177283,1e-06
OPT-HURDLE-LOW,MinHYTM,1.0,0.0
OPT-HURDLE-LOW,MinHCY,1.0,0.0
OPT-HURDLE-LOW,MinHMOIC,1.0,0.0
OPT-HURDLE-LOW,MinHAll,1.0,0.0
OPT-HURDLE-LOW,Net01,7500.0,0.005
OPT-HURDLE-LOW,Net02,7500.0,0.005
OPT-HURDLE-LOW,Net12,7500.0,0.005
OPT-HURDLE-LOW,Net23,7500.0,0.005
OPT-HURDLE-LOW,Net24,969956.9866081129,0.005
OPT-HURDLE-LOW,Net25,0.0,0.005
OPT-HURDLE-LOW,Net36,0.0,0.005
OPT-HURDLE-LOW,Net60,0.0,0.005
OPT-HURDLE-LOW,Opt06_Bid,963024.7586320802,0.005
OPT-HURDLE-LOW,Opt12_Bid,929015.8358487263,0.005
OPT-HURDLE-LOW,Opt24_Bid,869014.5129561055,0.005
OPT-HURDLE-LOW,Opt36_Bid,818389.8424087621,0.005
OPT-HURDLE-LOW,Opt60_Bid,739957.248572423,0.005
TRAIL-ZERO,PmtPull,7500.0,0.005
TRAIL-ZERO,ExitVal,969956.9866081129,0.005
TRAIL-ZERO,BidNPV,869014.5129561055,0.005
TRAIL-ZERO,BidPct,0.8690145129561055,1e-09
TRAIL-ZERO,CY12,0.10356558913366037,1e-09
TRAIL-ZERO,MOIC,1.3146581208659505,1.3146581208659506e-09
TRAIL-ZERO,ImpDPO,0.0,1e-09
TRAIL-ZERO,BidMwVx,0.3476058051824422,1e-09
TRAIL-ZERO,F12P12,,1e-09
TRAIL-ZERO,MTM,59.0,0.0
TRAIL-ZERO,MTA,271.0,0.0
TRAIL-ZERO,UseMTM,59.0,0.0
TRAIL-ZERO,BalAtExit,896995.9530129714,0.005
TRAIL-ZERO,YtmIRR,0.10855054205389866,1e-06
TRAIL-ZERO,YtmXIRR,0.11399946893819307,1e-06
TRAIL-ZERO,SellYTM,0.15000000000177283,1e-06
TRAIL-ZERO,MinHYTM,18.0,0.0
TRAIL-ZERO,MinHCY,1.0,0.0
TRAIL-ZERO,MinHMOIC,23.0,0.0
TRAIL-ZERO,MinHAll,23.0,0.0
TRAIL-ZERO,Net01,7500.0,0.005
TRAIL-ZERO,Net02,7500.0,0.005
TRAIL-ZERO,Net12,7500.0,0.005
TRAIL-ZERO,Net23,7500.0,0.005
TRAIL-ZERO,Net24,969956.9866081129,0.005
TRAIL-ZERO,Net25,0.0,0.005
TRAIL-ZERO,Net36,0.0,0.005
TRAIL-ZERO,Net60,0.0,0.005
TRAIL-ZERO,Opt06_Bid,963024.7586320802,0.005
TRAIL-ZERO,Opt12_Bid,929015.8358487263,0.005
TRAIL-ZERO,Opt24_Bid,869014.5129561055,0.005
TRAIL-ZERO,Opt36_Bid,818389.8424087621,0.005
TRAIL-ZERO,Opt60_Bid,739957.248572423,0.005
REL-NOCOLL,PmtPull,7500.0,0.005
REL-NOCOLL,ExitVal,969956.9866081129,0.005
REL-NOCOLL,BidNPV,869014.5129561055,0.005
REL-NOCOLL,BidPct,0.8690145129561055,1e-09
REL-NOCOLL,CY12,0.10356558913366037,1e-09
REL-NOCOLL,MOIC,1.3146581208659505,1.3146581208659506e-09
REL-NOCOLL,ImpDPO,0.0,1e-09
REL-NOCOLL,BidMwVx,,1e-09
REL-NOCOLL,F12P12,1.0227272727272727,1.0227272727272727e-09
REL-NOCOLL,MTM,59.0,0.0
REL-NOCOLL,MTA,271.0,0.0
REL-NOCOLL,UseMTM,59.0,0.0
REL-NOCOLL,BalAtExit,896995.9530129714,0.005
REL-NOCOLL,YtmIRR,0.10855054205389866,1e-06
REL-NOCOLL,YtmXIRR,0.11399946893819307,1e-06
REL-NOCOLL,SellYTM,0.15000000000177283,1e-06
REL-NOCOLL,MinHYTM,18.0,0.0
REL-NOCOLL,MinHCY,1.0,0.0
REL-NOCOLL,MinHMOIC,23.0,0.0
REL-NOCOLL,MinHAll,23.0,0.0
REL-NOCOLL,Net01,7500.0,0.005
REL-NOCOLL,Net02,7500.0,0.005
REL-NOCOLL,Net12,7500.0,0.005
REL-NOCOLL,Net23,7500.0,0.005
REL-NOCOLL,Net24,969956.9866081129,0.005
REL-NOCOLL,Net25,0.0,0.005
REL-NOCOLL,Net36,0.0,0.005
REL-NOCOLL,Net60,0.0,0.005
REL-NOCOLL,Opt06_Bid,963024.7586320802,0.005
REL-NOCOLL,Opt12_Bid,929015.8358487263,0.005
REL-NOCOLL,Opt24_Bid,869014.5129561055,0.005
REL-NOCOLL,Opt36_Bid,818389.8424087621,0.005
REL-NOCOLL,Opt60_Bid,739957.248572423,0.005
REL-LOAN-HYPHEN,PmtPull,7500.0,0.005
REL-LOAN-HYPHEN,ExitVal,969956.9866081129,0.005
REL-LOAN-HYPHEN,BidNPV,869014.5129561055,0.005
REL-LOAN-HYPHEN,BidPct,0.8690145129561055,1e-09
REL-LOAN-HYPHEN,CY12,0.10356558913366037,1e-09
REL-LOAN-HYPHEN,MOIC,1.3146581208659505,1.3146581208659506e-09
REL-LOAN-HYPHEN,ImpDPO,0.0,1e-09
REL-LOAN-HYPHEN,BidMwVx,0.3476058051824422,1e-09
REL-LOAN-HYPHEN,F12P12,1.0227272727272727,1.0227272727272727e-09
REL-LOAN-HYPHEN,MTM,59.0,0.0
REL-LOAN-HYPHEN,MTA,271.0,0.0
REL-LOAN-HYPHEN,UseMTM,59.0,0.0
REL-LOAN-HYPHEN,BalAtExit,896995.9530129714,0.005
REL-LOAN-HYPHEN,YtmIRR,0.10855054205389866,1e-06
REL-LOAN-HYPHEN,YtmXIRR,0.11399946893819307,1e-06
REL-LOAN-HYPHEN,SellYTM,0.15000000000177283,1e-06
REL-LOAN-HYPHEN,MinHYTM,18.0,0.0
REL-LOAN-HYPHEN,MinHCY,1.0,0.0
REL-LOAN-HYPHEN,MinHMOIC,23.0,0.0
REL-LOAN-HYPHEN,MinHAll,23.0,0.0
REL-LOAN-HYPHEN,Net01,7500.0,0.005
REL-LOAN-HYPHEN,Net02,7500.0,0.005
REL-LOAN-HYPHEN,Net12,7500.0,0.005
REL-LOAN-HYPHEN,Net23,7500.0,0.005
REL-LOAN-HYPHEN,Net24,969956.9866081129,0.005
REL-LOAN-HYPHEN,Net25,0.0,0.005
REL-LOAN-HYPHEN,Net36,0.0,0.005
REL-LOAN-HYPHEN,Net60,0.0,0.005
REL-LOAN-HYPHEN,Opt06_Bid,963024.7586320802,0.005
REL-LOAN-HYPHEN,Opt12_Bid,929015.8358487263,0.005
REL-LOAN-HYPHEN,Opt24_Bid,869014.5129561055,0.005
REL-LOAN-HYPHEN,Opt36_Bid,818389.8424087621,0.005
REL-LOAN-HYPHEN,Opt60_Bid,739957.248572423,0.005
REL-TINY,PmtPull,350.0,0.005
REL-TINY,ExitVal,20228.06031582111,0.005
REL-TINY,BidNPV,21971.920175012205,0.005
REL-TINY,BidPct,0.8788768070004882,1e-09
REL-TINY,CY12,0.19115307021625236,1e-09
REL-TINY,MOIC,1.2870090593165648,1.287009059316565e-09
REL-TINY,ImpDPO,0.0,1e-09
REL-TINY,BidMwVx,0.008788768070004883,1e-09
REL-TINY,F12P12,1.0,1e-09
REL-TINY,MTM,59.0,0.0
REL-TINY,MTA,93.0,0.0
REL-TINY,UseMTM,59.0,0.0
REL-TINY,BalAtExit,10947.30501819825,0.005
REL-TINY,YtmIRR,0.11471436983388161,1e-06
REL-TINY,YtmXIRR,0.12078413742395061,1e-06
REL-TINY,SellYTM,0.15000000000177283,1e-06
REL-TINY,MinHYTM,15.0,0.0
REL-TINY,MinHCY,1.0,0.0
REL-TINY,MinHMOIC,26.0,0.0
REL-TINY,MinHAll,26.0,0.0
REL-TINY,Net01,350.0,0.005
REL-TINY,Net02,350.0,0.005
REL-TINY,Net12,350.0,0.005
REL-TINY,Net23,350.0,0.005
REL-TINY,Net24,20228.06031582111,0.005
REL-TINY,Net25,0.0,0.005
REL-TINY,Net36,0.0,0.005
REL-TINY,Net60,0.0,0.005
REL-TINY,Opt06_Bid,24090.595638353614,0.005
REL-TINY,Opt12_Bid,23288.879609206382,0.005
REL-TINY,Opt24_Bid,21971.920175012205,0.005
REL-TINY,Opt36_Bid,20982.915557362525,0.005
REL-TINY,Opt60_Bid,19772.632650214622,0.005
RND-000,PmtPull,12087.46357,0.005
RND-000,ExitVal,2650167.41404797,0.005
RND-000,BidNPV,2155959.5757301045,0.005
RND-000,BidPct,0.9988948271206367,1e-09
RND-000,CY12,0.06635076299682334,1e-09
RND-000,MOIC,1.3348252231971502,1.3348252231971503e-09
RND-000,ImpDPO,-0.0746942583847452,1e-09
RND-000,BidMwVx,0.4599558817513401,1e-09
RND-000,F12P12,0.6282167953142656,1e-09
RND-000,MTM,36.0,0.0
RND-000,MTA,172.0,0.0
RND-000,UseMTM,36.0,0.0
RND-000,BalAtExit,1907033.596306154,0.005
RND-000,YtmIRR,0.09103523758953928,1e-06
RND-000,YtmXIRR,0.09481724452794438,1e-06
RND-000,SellYTM,0.18249999999638858,1e-06
RND-000,MinHYTM,23.0,0.0
RND-000,MinHCY,1.0,0.0
RND-000,MinHMOIC,19.0,0.0
RND-000,MinHAll,,0.0
RND-000,Net01,12087.46357,0.005
RND-000,Net02,12087.46357,0.005
RND-000,Net12,12087.46357,0.005
RND-000,Net23,0.0,0.005
RND-000,Net24,0.0,0.005
RND-000,Net25,0.0,0.005
RND-000,Net36,0.0,0.005
RND-000,Net60,0.0,0.005
RND-000,Opt06_Bid,2406523.3486611815,0.005
RND-000,Opt12_Bid,2293547.9223818635,0.005
RND-000,Opt24_Bid,2092320.972908613,0.005
RND-000,Opt36_Bid,1926922.080671847,0.005
RND-000,Opt60_Bid,1805756.1422020318,0.005
RND-001,PmtPull,0.0,0.005
RND-001,ExitVal,42548.65087051486,0.005
RND-001,BidNPV,28709.651867663877,0.005
RND-001,BidPct,0.5714227797172085,1e-09
RND-001,CY12,0.0,1e-09
RND-001,MOIC,1.4820329785481676,1.4820329785481677e-09
RND-001,ImpDPO,0.3427668655792575,1e-09
RND-001,BidMwVx,0.4459467033275837,1e-09
RND-001,F12P12,0.0,1e-09
RND-001,MTM,46.0,0.0
RND-001,MTA,151.0,0.0
RND-001,UseMTM,46.0,0.0
RND-001,BalAtExit,40155.55408859653,0.005
RND-001,YtmIRR,0.2847661823767787,1e-06
RND-001,YtmXIRR,0.3246442874585369,1e-06
RND-001,SellYTM,0.11570000000187904,1e-06
RND-001,MinHYTM,1.0,0.0
RND-001,MinHCY,1.0,0.0
RND-001,MinHMOIC,28.0,0.0
RND-001,MinHAll,,0.0
RND-001,Net01,0.0,0.005
RND-001,Net02,0.0,0.005
RND-001,Net12,0.0,0.005
RND-001,Net23,0.0,0.005
RND-001,Net24,0.0,0.005
RND-001,Net25,0.0,0.005
RND-001,Net36,0.0,0.005
RND-001,Net60,0.0,0.005
RND-001,Opt06_Bid,32424.93661798691,0.005
RND-001,Opt12_Bid,31739.596617953466,0.005
RND-001,Opt24_Bid,30431.532604925564,0.005
RND-001,Opt36_Bid,29201.032642337253,0.005
RND-001,Opt60_Bid,26947.437557362475,0.005
RND-002,PmtPull,29979.93,0.005
RND-002,ExitVal,2688436.8523427905,0.005
RND-002,BidNPV,1713255.576905555,0.005
RND-002,BidPct,0.5929373098483768,1e-09
RND-002,CY12,0.15340348138524587,1e-09
RND-002,MOIC,2.520542212471574,2.520542212471574e-09
RND-002,ImpDPO,0.19199999999999995,1e-09
RND-002,BidMwVx,0.23992321060930374,1e-09
RND-002,F12P12,0.9882922695820493,1e-09
RND-002,MTM,58.0,0.0
RND-002,MTA,231.0,0.0
RND-002,UseMTM,58.0,0.0
RND-002,BalAtExit,2610180.885367944,0.005
RND-002,YtmIRR,0.2644750600394665,1e-06
RND-002,YtmXIRR,0.2986958014449591,1e-06
RND-002,SellYTM,0.24769999999848483,1e-06
RND-002,MinHYTM,1.0,0.0
RND-002,MinHCY,1.0,0.0
RND-002,MinHMOIC,14.0,0.0
RND-002,MinHAll,14.0,0.0
RND-002,Net01,0.0,0.005
RND-002,Net02,0.0,0.005
RND-002,Net12,28979.93,0.005
RND-002,Net23,28979.93,0.005
RND-002,Net24,28979.93,0.005
RND-002,Net25,29979.93,0.005
RND-002,Net36,29979.93,0.005
RND-002,Net60,0.0,0.005
RND-002,Opt06_Bid,2151676.3789732074,0.005
RND-002,Opt12_Bid,2076780.0669600912,0.005
RND-002,Opt24_Bid,1949030.9942915463,0.005
RND-002,Opt36_Bid,1852047.1988102165,0.005
RND-002,Opt60_Bid,1708339.914246935,0.005
RND-003,PmtPull,1995.16266325,0.005
RND-003,ExitVal,211394.59438233168,0.005
RND-003,BidNPV,218286.3540525454,0.005
RND-003,BidPct,1.3532832906650187,1.3532832906650188e-09
RND-003,CY12,0.10054127932553686,1e-09
RND-003,MOIC,1.1512302211380554,1.1512302211380555e-09
RND-003,ImpDPO,-0.2945448476631711,1e-09
RND-003,BidMwVx,2.4547554447702895,2.4547554447702897e-09
RND-003,F12P12,2.5720923247557037,2.572092324755704e-09
RND-003,MTM,26.0,0.0
RND-003,MTA,151.0,0.0
RND-003,UseMTM,26.0,0.0
RND-003,BalAtExit,145749.90916598492,0.005
RND-003,YtmIRR,-0.06096355292024852,1e-06
RND-003,YtmXIRR,-0.05913444959524734,1e-06
RND-003,SellYTM,0.08369999999890682,1e-06
RND-003,MinHYTM,,0.0
RND-003,MinHCY,1.0,0.0
RND-003,MinHMOIC,43.0,0.0
RND-003,MinHAll,,0.0
RND-003,Net01,0.0,0.005
RND-003,Net02,1995.16266325,0.005
RND-003,Net12,1995.16266325,0.005
RND-003,Net23,0.0,0.005
RND-003,Net24,0.0,0.005
RND-003,Net25,0.0,0.005
RND-003,Net36,0.0,0.005
RND-003,Net60,0.0,0.005
RND-003,Opt06_Bid,174344.65963742646,0.005
RND-003,Opt12_Bid,191055.090202067,0.005
RND-003,Opt24_Bid,223647.85110732584,0.005
RND-003,Opt36_Bid,255297.51243660634,0.005
RND-003,Opt60_Bid,316502.8602427627,0.005
RND-004,PmtPull,13632.97479,0.005
RND-004,ExitVal,2672885.914710981,0.005
RND-004,BidNPV,2237554.266457859,0.005
RND-004,BidPct,0.6407309148300957,1e-09
RND-004,CY12,1.2205517558170096,1.2205517558170098e-09
RND-004,MOIC,1.2205517558170096,1.2205517558170098e-09
RND-004,ImpDPO,0.24534490702544876,1e-09
RND-004,BidMwVx,1.037355436937449,1.037355436937449e-09
RND-004,F12P12,53.100504079115765,5.310050407911577e-08
RND-004,MTM,67.0,0.0
RND-004,MTA,360.0,0.0
RND-004,UseMTM,67.0,0.0
RND-004,BalAtExit,3376252.3530683652,0.005
RND-004,YtmIRR,0.16540135257669067,1e-06
RND-004,YtmXIRR,0.1782402094264534,1e-06
RND-004,SellYTM,0.22070000000035114,1e-06
RND-004,MinHYTM,1.0,0.0
RND-004,MinHCY,1.0,0.0
RND-004,MinHMOIC,15.0,0.0
RND-004,MinHAll,,0.0
RND-004,Net01,0.0,0.005
RND-004,Net02,0.0,0.005
RND-004,Net12,0.0,0.005
RND-004,Net23,0.0,0.005
RND-004,Net24,0.0,0.005
RND-004,Net25,0.0,0.005
RND-004,Net36,0.0,0.005
RND-004,Net60,0.0,0.005
RND-004,Opt06_Bid,2319061.6266097743,0.005
RND-004,Opt12_Bid,2221845.690073689,0.005
RND-004,Opt24_Bid,2052970.4251941005,0.005
RND-004,Opt36_Bid,1908597.3200742884,0.005
RND-004,Opt60_Bid,1671440.6512121721,0.005
RND-005,PmtPull,827.95,0.005
RND-005,ExitVal,174609.47031373062,0.005
RND-005,BidNPV,160855.9025852324,0.005
RND-005,BidPct,1.0266551811361277,1.026655181136128e-09
RND-005,CY12,1.0647129981629526,1.0647129981629527e-09
RND-005,MOIC,1.0647129981629526,1.0647129981629527e-09
RND-005,ImpDPO,-0.09397298559893308,1e-09
RND-005,BidMwVx,0.522616958456327,1e-09
RND-005,F12P12,11.633785033314174,1.1633785033314174e-08
RND-005,MTM,92.0,0.0
RND-005,MTA,193.0,0.0
RND-005,UseMTM,92.0,0.0
RND-005,BalAtExit,102493.41366209745,0.005
RND-005,YtmIRR,0.06148144123621865,1e-06
RND-005,YtmXIRR,0.06318572081814236,1e-06
RND-005,SellYTM,0.14920000000188266,1e-06
RND-005,MinHYTM,,0.0
RND-005,MinHCY,1.0,0.0
RND-005,MinHMOIC,22.0,0.0
RND-005,MinHAll,,0.0
RND-005,Net01,0.0,0.005
RND-005,Net02,-5000.0,0.005
RND-005,Net12,0.0,0.005
RND-005,Net23,0.0,0.005
RND-005,Net24,0.0,0.005
RND-005,Net25,0.0,0.005
RND-005,Net36,0.0,0.005
RND-005,Net60,0.0,0.005
RND-005,Opt06_Bid,161101.777855161,0.005
RND-005,Opt12_Bid,162433.32311094075,0.005
RND-005,Opt24_Bid,164419.2858627795,0.005
RND-005,Opt36_Bid,165620.7312508446,0.005
RND-005,Opt60_Bid,166149.75052904722,0.005
RND-006,PmtPull,17175.61,0.005
RND-006,ExitVal,1459175.6648764042,0.005
RND-006,BidNPV,1160457.0895598812,0.005
RND-006,BidPct,1.1792893498743202,1.1792893498743202e-09
RND-006,CY12,0.11840582580447902,1e-09
RND-006,MOIC,1.5090269606957678,1.5090269606957679e-09
RND-006,ImpDPO,-0.5409518834050466,1e-09
RND-006,BidMwVx,0.8724880668352236,1e-09
RND-006,F12P12,4.591173831906857,4.591173831906857e-09
RND-006,MTM,29.0,0.0
RND-006,MTA,169.0,0.0
RND-006,UseMTM,29.0,0.0
RND-006,BalAtExit,913045.3538246904,0.005
RND-006,YtmIRR,0.045932044467871705,1e-06
RND-006,YtmXIRR,0.04680533319063496,1e-06
RND-006,SellYTM,0.2452999999988144,1e-06
RND-006,MinHYTM,,0.0
RND-006,MinHCY,1.0,0.0
RND-006,MinHMOIC,14.0,0.0
RND-006,MinHAll,,0.0
RND-006,Net01,0.0,0.005
RND-006,Net02,0.0,0.005
RND-006,Net12,17175.61,0.005
RND-006,Net23,0.0,0.005
RND-006,Net24,0.0,0.005
RND-006,Net25,0.0,0.005
RND-006,Net36,0.0,0.005
RND-006,Net60,0.0,0.005
RND-006,Opt06_Bid,1160457.0895598815,0.005
RND-006,Opt12_Bid,1160457.0895598812,0.005
RND-006,Opt24_Bid,1160457.0895598812,0.005
RND-006,Opt36_Bid,1160457.089559881,0.005
RND-006,Opt60_Bid,1160457.0895598808,0.005
RND-007,PmtPull,1816.05,0.005
RND-007,ExitVal,228594.51,0.005
RND-007,BidNPV,124291.12595079909,0.005
RND-007,BidPct,0.3738370512647771,1e-09
RND-007,CY12,0.06861632264379024,1e-09
RND-007,MOIC,2.4569960861154843,2.4569960861154844e-09
RND-007,ImpDPO,0.44583094710652094,1e-09
RND-007,BidMwVx,0.1618401114534261,1e-09
RND-007,F12P12,6.191440705651748,6.1914407056517484e-09
RND-007,MTM,65.0,0.0
RND-007,MTA,360.0,0.0
RND-007,UseMTM,65.0,0.0
RND-007,BalAtExit,337375.65689747373,0.005
RND-007,YtmIRR,0.2951551806068431,1e-06
RND-007,YtmXIRR,0.33810265593933486,1e-06
RND-007,SellYTM,0.2479999999993645,1e-06
RND-007,MinHYTM,1.0,0.0
RND-007,MinHCY,1.0,0.0
RND-007,MinHMOIC,13.0,0.0
RND-007,MinHAll,,0.0
RND-007,Net01,0.0,0.005
RND-007,Net02,0.0,0.005
RND-007,Net12,1566.05,0.005
RND-007,Net23,1816.05,0.005
RND-007,Net24,1816.05,0.005
RND-007,Net25,1816.05,0.005
RND-007,Net36,1816.05,0.005
RND-007,Net60,0.0,0.005
RND-007,Opt06_Bid,199585.46344815873,0.005
RND-007,Opt12_Bid,184587.72209601133,0.005
RND-007,Opt24_Bid,160370.70057058916,0.005
RND-007,Opt36_Bid,141865.57092334863,0.005
RND-007,Opt60_Bid,116062.32661738436,0.005
RND-008,PmtPull,0.0,0.005
RND-008,ExitVal,417233.551142304,0.005
RND-008,BidNPV,341732.80600871047,0.005
RND-008,BidPct,0.988031984439312,1e-09
RND-008,CY12,-0.07974066147838736,1e-09
RND-008,MOIC,1.138999663767671,1.138999663767671e-09
RND-008,ImpDPO,-0.12038771390778247,1e-09
RND-008,BidMwVx,0.5929716921263616,1e-09
RND-008,F12P12,-0.7210579892034465,1e-09
RND-008,MTM,91.0,0.0
RND-008,MTA,162.0,0.0
RND-008,UseMTM,91.0,0.0
RND-008,BalAtExit,195396.75265816093,0.005
RND-008,YtmIRR,0.07665641939424789,1e-06
RND-008,YtmXIRR,0.0792919321253398,1e-06
RND-008,SellYTM,0.09889999999681934,1e-06
RND-008,MinHYTM,51.0,0.0
RND-008,MinHCY,1.0,0.0
RND-008,MinHMOIC,30.0,0.0
RND-008,MinHAll,,0.0
RND-008,Net01,0.0,0.005
RND-008,Net02,0.0,0.005
RND-008,Net12,-250.0,0.005
RND-008,Net23,0.0,0.005
RND-008,Net24,0.0,0.005
RND-008,Net25,0.0,0.005
RND-008,Net36,0.0,0.005
RND-008,Net60,0.0,0.005
RND-008,Opt06_Bid,352957.4990751113,0.005
RND-008,Opt12_Bid,345420.17619246285,0.005
RND-008,Opt24_Bid,330982.9571591685,0.005
RND-008,Opt36_Bid,319473.4738167601,0.005
RND-008,Opt60_Bid,298370.780107604,0.005
RND-009,PmtPull,388.79019915752355,0.005
RND-009,ExitVal,42053.723581847924,0.005
RND-009,BidNPV,37243.868296227214,0.005
RND-009,BidPct,0.7821128186868425,1e-09
RND-009,CY12,0.0939513523296443,1e-09
RND-009,MOIC,1.4423160647363578,1.4423160647363579e-09
RND-009,ImpDPO,0.06823438306146046,1e-09
RND-009,BidMwVx,0.3457222044521612,1e-09
RND-009,F12P12,1.3064040473029768,1.3064040473029768e-09
RND-009,MTM,71.0,0.0
RND-009,MTA,220.0,0.0
RND-009,UseMTM,71.0,0.0
RND-009,BalAtExit,38763.50713905683,0.005
RND-009,YtmIRR,0.1345815263738125,1e-06
RND-009,YtmXIRR,0.14301176773717783,1e-06
RND-009,SellYTM,0.1460999999977041,1e-06
RND-009,MinHYTM,1.0,0.0
RND-009,MinHCY,1.0,0.0
RND-009,MinHMOIC,24.0,0.0
RND-009,MinHAll,24.0,0.0
RND-009,Net01,0.0,0.005
RND-009,Net02,0.0,0.005
RND-009,Net12,388.79019915752355,0.005
RND-009,Net23,388.79019915752355,0.005
RND-009,Net24,388.79019915752355,0.005
RND-009,Net25,388.79019915752355,0.005
RND-009,Net36,0.0,0.005
RND-009,Net60,0.0,0.005
RND-009,Opt06_Bid,37243.86829622724,0.005
RND-009,Opt12_Bid,37243.868296227236,0.005
RND-009,Opt24_Bid,37243.86829622722,0.005
RND-009,Opt36_Bid,37243.868296227214,0.005
RND-009,Opt60_Bid,37243.86829622719,0.005
RND-010,PmtPull,2927.3821966666674,0.005
RND-010,ExitVal,4141640.3697000006,0.005
RND-010,BidNPV,3621889.160959534,0.005
RND-010,BidPct,1.2884501772941541,1.2884501772941543e-09
RND-010,CY12,0.00808247316958514,1e-09
RND-010,MOIC,1.1515852656743593,1.1515852656743593e-09
RND-010,ImpDPO,-0.33527196210247423,1e-09
RND-010,BidMwVx,0.6689970545015579,1e-09
RND-010,F12P12,0.28250212251026646,1e-09
RND-010,MTM,29.0,0.0
RND-010,MTA,324.0,0.0
RND-010,UseMTM,29.0,0.0
RND-010,BalAtExit,2716732.563685281,0.005
RND-010,YtmIRR,-0.045742355929042564,1e-06
RND-010,YtmXIRR,-0.04469967785796647,1e-06
RND-010,SellYTM,0.13139999999880203,1e-06
RND-010,MinHYTM,46.0,0.0
RND-010,MinHCY,1.0,0.0
RND-010,MinHMOIC,25.0,0.0
RND-010,MinHAll,,0.0
RND-010,Net01,0.0,0.005
RND-010,Net02,0.0,0.005
RND-010,Net12,2927.3821966666674,0.005
RND-010,Net23,0.0,0.005
RND-010,Net24,0.0,0.005
RND-010,Net25,0.0,0.005
RND-010,Net36,0.0,0.005
RND-010,Net60,0.0,0.005
RND-010,Opt06_Bid,3888074.0063232016,0.005
RND-010,Opt12_Bid,3658684.5369102694,0.005
RND-010,Opt24_Bid,3242517.067204674,0.005
RND-010,Opt36_Bid,2877332.840595602,0.005
RND-010,Opt60_Bid,2275696.139904099,0.005
RND-011,PmtPull,4984.29,0.005
RND-011,ExitVal,448762.38775088807,0.005
RND-011,BidNPV,341832.2509535502,0.005
RND-011,BidPct,0.9841358930435331,1e-09
RND-011,CY12,0.1458109931434553,1e-09
RND-011,MOIC,2.085612916166194,2.085612916166194e-09
RND-011,ImpDPO,-2.0643762351794255,2.0643762351794255e-09
RND-011,BidMwVx,27.748827073542085,2.7748827073542087e-08
RND-011,F12P12,0.9602651749771459,1e-09
RND-011,MTM,16.0,0.0
RND-011,MTA,113.0,0.0
RND-011,UseMTM,16.0,0.0
RND-011,BalAtExit,317376.7583865191,0.005
RND-011,YtmIRR,0.12539788083145065,1e-06
RND-011,YtmXIRR,0.13247009782673536,1e-06
RND-011,SellYTM,0.204200000003538,1e-06
RND-011,MinHYTM,1.0,0.0
RND-011,MinHCY,1.0,0.0
RND-011,MinHMOIC,17.0,0.0
RND-011,MinHAll,17.0,0.0
RND-011,Net01,0.0,0.005
RND-011,Net02,0.0,0.005
RND-011,Net12,4984.29,0.005
RND-011,Net23,4984.29,0.005
RND-011,Net24,4984.29,0.005
RND-011,Net25,4984.29,0.005
RND-011,Net36,4984.29,0.005
RND-011,Net60,0.0,0.005
RND-011,Opt06_Bid,341832.25095355033,0.005
RND-011,Opt12_Bid,341832.25095355033,0.005
RND-011,Opt24_Bid,341832.2509535503,0.005
RND-011,Opt36_Bid,341832.2509535503,0.005
RND-011,Opt60_Bid,341832.2509535502,0.005
RND-012,PmtPull,896.9134166666668,0.005
RND-012,ExitVal,117854.901,0.005
RND-012,BidNPV,110936.02771802185,0.005
RND-012,BidPct,0.5658035246936478,1e-09
RND-012,CY12,1.1027929393172147,1.1027929393172147e-09
RND-012,MOIC,1.1027929393172147,1.1027929393172147e-09
RND-012,ImpDPO,0.4157139851384297,1e-09
RND-012,BidMwVx,0.2918009204605482,1e-09
RND-012,F12P12,9.19825568339738,9.19825568339738e-09
RND-012,MTM,54.0,0.0
RND-012,MTA,234.0,0.0
RND-012,UseMTM,54.0,0.0
RND-012,BalAtExit,166830.6417194931,0.005
RND-012,YtmIRR,0.2122254335787595,1e-06
RND-012,YtmXIRR,0.23372297980729306,1e-06
RND-012,SellYTM,0.17170000000155528,1e-06
RND-012,MinHYTM,1.0,0.0
RND-012,MinHCY,1.0,0.0
RND-012,MinHMOIC,20.0,0.0
RND-012,MinHAll,20.0,0.0
RND-012,Net01,0.0,0.005
RND-012,Net02,896.9134166666668,0.005
RND-012,Net12,0.0,0.005
RND-012,Net23,0.0,0.005
RND-012,Net24,0.0,0.005
RND-012,Net25,0.0,0.005
RND-012,Net36,0.0,0.005
RND-012,Net60,0.0,0.005
RND-012,Opt06_Bid,111639.07626739188,0.005
RND-012,Opt12_Bid,107566.7796114552,0.005
RND-012,Opt24_Bid,100393.23510687356,0.005
RND-012,Opt36_Bid,94344.09178691443,0.005
RND-012,Opt60_Bid,84941.66632675446,0.005
RND-013,PmtPull,3799.3829729166664,0.005
RND-013,ExitVal,325438.1745717446,0.005
RND-013,BidNPV,291332.9756420324,0.005
RND-013,BidPct,1.0187447242026153,1.0187447242026155e-09
RND-013,CY12,0.12354876632088889,1e-09
RND-013,MOIC,1.452020712410774,1.452020712410774e-09
RND-013,ImpDPO,-0.12308403159378112,1e-09
RND-013,BidMwVx,0.48973413008921013,1e-09
RND-013,F12P12,0.874511580012009,1e-09
RND-013,MTM,90.0,0.0
RND-013,MTA,126.0,0.0
RND-013,UseMTM,90.0,0.0
RND-013,BalAtExit,118223.23716989043,0.005
RND-013,YtmIRR,0.1048270449221029,1e-06
RND-013,YtmXIRR,0.10985918138142295,1e-06
RND-013,SellYTM,0.17060000000078546,1e-06
RND-013,MinHYTM,21.0,0.0
RND-013,MinHCY,1.0,0.0
RND-013,MinHMOIC,21.0,0.0
RND-013,MinHAll,21.0,0.0
RND-013,Net01,0.0,0.005
RND-013,Net02,0.0,0.005
RND-013,Net12,3549.3829729166664,0.005
RND-013,Net23,3549.3829729166664,0.005
RND-013,Net24,3549.3829729166664,0.005
RND-013,Net25,3799.3829729166664,0.005
RND-013,Net36,0.0,0.005
RND-013,Net60,0.0,0.005
RND-013,Opt06_Bid,309319.274155732,0.005
RND-013,Opt12_Bid,303948.75193490845,0.005
RND-013,Opt24_Bid,294480.73203339864,0.005
RND-013,Opt36_Bid,288440.85332892183,0.005
RND-013,Opt60_Bid,279037.9756062089,0.005
RND-014,PmtPull,0.0,0.005
RND-014,ExitVal,55681.549999999996,0.005
RND-014,BidNPV,44607.86542656762,0.005
RND-014,BidPct,0.040286783215258436,1e-09
RND-014,CY12,1.248245112549974,1.2482451125499741e-09
RND-014,MOIC,1.248245112549974,1.2482451125499741e-09
RND-014,ImpDPO,0.9523164245485465,1e-09
RND-014,BidMwVx,0.5007029418470708,1e-09
RND-014,F12P12,0.7609479222996496,1e-09
RND-014,MTM,18.0,0.0
RND-014,MTA,333.0,0.0
RND-014,UseMTM,18.0,0.0
RND-014,BalAtExit,1087168.654728123,0.005
RND-014,YtmIRR,3.1631348921781415,1e-06
RND-014,YtmXIRR,,1e-06
RND-014,SellYTM,0.22379999999716277,1e-06
RND-014,MinHYTM,1.0,0.0
RND-014,MinHCY,1.0,0.0
RND-014,MinHMOIC,15.0,0.0
RND-014,MinHAll,,0.0
RND-014,Net01,0.0,0.005
RND-014,Net02,0.0,0.005
RND-014,Net12,55681.549999999996,0.005
RND-014,Net23,0.0,0.005
RND-014,Net24,0.0,0.005
RND-014,Net25,0.0,0.005
RND-014,Net36,0.0,0.005
RND-014,Net60,0.0,0.005
RND-014,Opt06_Bid,49838.08873886213,0.005
RND-014,Opt12_Bid,44607.86542656762,0.005
RND-014,Opt24_Bid,35736.463117761035,0.005
RND-014,Opt36_Bid,28629.36354283567,0.005
RND-014,Opt60_Bid,18374.348313463248,0.005
RND-015,PmtPull,297.27,0.005
RND-015,ExitVal,46730.64,0.005
RND-015,BidNPV,44848.53610055576,0.005
RND-015,BidPct,1.2151065047995093,1.2151065047995094e-09
RND-015,CY12,0.053026479942798625,1e-09
RND-015,MOIC,1.1281338121395903,1.1281338121395905e-09
RND-015,ImpDPO,-0.307540819272621,1e-09
RND-015,BidMwVx,2.1243541397627066,2.1243541397627065e-09
RND-015,F12P12,0.757612248408739,1e-09
RND-015,MTM,21.0,0.0
RND-015,MTA,203.0,0.0
RND-015,UseMTM,21.0,0.0
RND-015,BalAtExit,34666.702409127516,0.005
RND-015,YtmIRR,-0.05639174251423425,1e-06
RND-015,YtmXIRR,-0.05484945373722838,1e-06
RND-015,SellYTM,0.08319999999989637,1e-06
RND-015,MinHYTM,,0.0
RND-015,MinHCY,1.0,0.0
RND-015,MinHMOIC,42.0,0.0
RND-015,MinHAll,,0.0
RND-015,Net01,0.0,0.005
RND-015,Net02,0.0,0.005
RND-015,Net12,297.27,0.005
RND-015,Net23,0.0,0.005
RND-015,Net24,0.0,0.005
RND-015,Net25,0.0,0.005
RND-015,Net36,0.0,0.005
RND-015,Net60,0.0,0.005
RND-015,Opt06_Bid,45120.13643697744,0.005
RND-015,Opt12_Bid,44981.521775417634,0.005
RND-015,Opt24_Bid,44720.95082552456,0.005
RND-015,Opt36_Bid,44481.113163814385,0.005
RND-015,Opt60_Bid,44057.170089018735,0.005
RND-016,PmtPull,11801.96854940262,0.005
RND-016,ExitVal,1854422.022040293,0.005
RND-016,BidNPV,1160989.67859059,0.005
RND-016,BidPct,0.9478177820773573,1e-09
RND-016,CY12,0.09148894163604367,1e-09
RND-016,MOIC,2.0140598798470255,2.0140598798470256e-09
RND-016,ImpDPO,-0.6044728898822942,1e-09
RND-016,BidMwVx,1.9407772468918785,1.9407772468918787e-09
RND-016,F12P12,1.3498613819972962,1.3498613819972963e-09
RND-016,MTM,100.0,0.0
RND-016,MTA,260.0,0.0
RND-016,UseMTM,100.0,0.0
RND-016,BalAtExit,1018469.2594636788,0.005
RND-016,YtmIRR,0.1099682146983916,1e-06
RND-016,YtmXIRR,0.11553926773476916,1e-06
RND-016,SellYTM,0.2138999999976015,1e-06
RND-016,MinHYTM,21.0,0.0
RND-016,MinHCY,1.0,0.0
RND-016,MinHMOIC,16.0,0.0
RND-016,MinHAll,38.0,0.0
RND-016,Net01,0.0,0.005
RND-016,Net02,0.0,0.005
RND-016,Net12,11801.96854940262,0.005
RND-016,Net23,11801.96854940262,0.005
RND-016,Net24,11801.96854940262,0.005
RND-016,Net25,11801.96854940262,0.005
RND-016,Net36,11801.96854940262,0.005
RND-016,Net60,0.0,0.005
RND-016,Opt06_Bid,1248405.489742863,0.005
RND-016,Opt12_Bid,1239035.779856888,0.005
RND-016,Opt24_Bid,1214764.824090987,0.005
RND-016,Opt36_Bid,1185277.4451079322,0.005
RND-016,Opt60_Bid,1118336.225394685,0.005
RND-017,PmtPull,32478.33,0.005
RND-017,ExitVal,1775320.18,0.005
RND-017,BidNPV,1732271.1502094066,0.005
RND-017,BidPct,0.5061029545342222,1e-09
RND-017,CY12,0.1874898741809205,1e-09
RND-017,MOIC,1.3998309558563429,1.399830955856343e-09
RND-017,ImpDPO,0.5551223342641062,1e-09
RND-017,BidMwVx,0.2528569619869048,1e-09
RND-017,F12P12,2.5290458092303716,2.529045809230372e-09
RND-017,MTM,65.0,0.0
RND-017,MTA,248.0,0.0
RND-017,UseMTM,65.0,0.0
RND-017,BalAtExit,3193256.8937177197,0.005
RND-017,YtmIRR,0.3472921901387501,1e-06
RND-017,YtmXIRR,0.407625851320248,1e-06
RND-017,SellYTM,0.2044000000016688,1e-06
RND-017,MinHYTM,1.0,0.0
RND-017,MinHCY,1.0,0.0
RND-017,MinHMOIC,18.0,0.0
RND-017,MinHAll,18.0,0.0
RND-017,Net01,0.0,0.005
RND-017,Net02,0.0,0.005
RND-017,Net12,32478.33,0.005
RND-017,Net23,1775320.18,0.005
RND-017,Net24,0.0,0.005
RND-017,Net25,0.0,0.005
RND-017,Net36,0.0,0.005
RND-017,Net60,0.0,0.005
RND-017,Opt06_Bid,1695304.479358877,0.005
RND-017,Opt12_Bid,1709578.6601872572,0.005
RND-017,Opt24_Bid,1734132.6331984564,0.005
RND-017,Opt36_Bid,1754181.9476771206,0.005
RND-017,Opt60_Bid,1783920.6748851207,0.005
RND-018,PmtPull,558.32,0.005
RND-018,ExitVal,35474.37571668771,0.005
RND-018,BidNPV,30388.3603509714,0.005
RND-018,BidPct,0.7927438334290225,1e-09
RND-018,CY12,0.1653554170730167,1e-09
RND-018,MOIC,2.0308899527287227,2.030889952728723e-09
RND-018,ImpDPO,-0.0396111264707002,1e-09
RND-018,BidMwVx,0.5299668077250519,1e-09
RND-018,F12P12,2.1580828036419857,2.1580828036419858e-09
RND-018,MTM,26.0,0.0
RND-018,MTA,119.0,0.0
RND-018,UseMTM,26.0,0.0
RND-018,BalAtExit,32939.7014796298,0.005
RND-018,YtmIRR,0.23237478252235566,1e-06
RND-018,YtmXIRR,0.25801316971125965,1e-06
RND-018,SellYTM,0.22240000000288027,1e-06
RND-018,MinHYTM,3.0,0.0
RND-018,MinHCY,1.0,0.0
RND-018,MinHMOIC,16.0,0.0
RND-018,MinHAll,16.0,0.0
RND-018,Net01,0.0,0.005
RND-018,Net02,0.0,0.005
RND-018,Net12,558.32,0.005
RND-018,Net23,558.32,0.005
RND-018,Net24,558.32,0.005
RND-018,Net25,558.32,0.005
RND-018,Net36,558.32,0.005
RND-018,Net60,0.0,0.005
RND-018,Opt06_Bid,36874.596557419165,0.005
RND-018,Opt12_Bid,35626.36270561654,0.005
RND-018,Opt24_Bid,33543.60989850777,0.005
RND-018,Opt36_Bid,31918.009407413185,0.005
RND-018,Opt60_Bid,29683.17800302454,0.005
RND-019,PmtPull,0.0,0.005
RND-019,ExitVal,28451.444970000004,0.005
RND-019,BidNPV,17157.218363796073,0.005
RND-019,BidPct,0.5694096582289907,1e-09
RND-019,CY12,-0.291422530971025,1e-09
RND-019,MOIC,1.3668558896170229,1.3668558896170229e-09
RND-019,ImpDPO,0.38898773724336133,1e-09
RND-019,BidMwVx,0.3998122340426352,1e-09
RND-019,F12P12,-4.468634653368009,4.468634653368009e-09
RND-019,MTM,109.0,0.0
RND-019,MTA,360.0,0.0
RND-019,UseMTM,109.0,0.0
RND-019,BalAtExit,31602.821800788977,0.005
RND-019,YtmIRR,0.13361044929501917,1e-06
RND-019,YtmXIRR,0.14196751640689592,1e-06
RND-019,SellYTM,0.08389999999703762,1e-06
RND-019,MinHYTM,11.0,0.0
RND-019,MinHCY,1.0,0.0
RND-019,MinHMOIC,32.0,0.0
RND-019,MinHAll,,0.0
RND-019,Net01,0.0,0.005
RND-019,Net02,0.0,0.005
RND-019,Net12,0.0,0.005
RND-019,Net23,0.0,0.005
RND-019,Net24,0.0,0.005
RND-019,Net25,0.0,0.005
RND-019,Net36,0.0,0.005
RND-019,Net60,0.0,0.005
RND-019,Opt06_Bid,22457.762024431253,0.005
RND-019,Opt12_Bid,21340.58702027349,0.005
RND-019,Opt24_Bid,19241.583436336805,0.005
RND-019,Opt36_Bid,17310.93738461821,0.005
RND-019,Opt60_Bid,13901.786291459855,0.005
RND-020,PmtPull,6967.21,0.005
RND-020,ExitVal,615832.3428250961,0.005
RND-020,BidNPV,605097.2252444982,0.005
RND-020,BidPct,0.9298489524744787,1e-09
RND-020,CY12,1.0522837426131224,1.0522837426131224e-09
RND-020,MOIC,1.0522837426131224,1.0522837426131224e-09
RND-020,ImpDPO,0.049750555041488065,1e-09
RND-020,BidMwVx,2.9849150121318444,2.9849150121318446e-09
RND-020,F12P12,45.07318234411196,4.5073182344111967e-08
RND-020,MTM,54.0,0.0
RND-020,MTA,227.0,0.0
RND-020,UseMTM,54.0,0.0
RND-020,BalAtExit,593047.2771091635,0.005
RND-020,YtmIRR,0.13492931999476174,1e-06
RND-020,YtmXIRR,0.14335110882997698,1e-06
RND-020,SellYTM,0.12460000000341932,1e-06
RND-020,MinHYTM,1.0,0.0
RND-020,MinHCY,1.0,0.0
RND-020,MinHMOIC,30.0,0.0
RND-020,MinHAll,30.0,0.0
RND-020,Net01,0.0,0.005
RND-020,Net02,6967.21,0.005
RND-020,Net12,0.0,0.005
RND-020,Net23,0.0,0.005
RND-020,Net24,0.0,0.005
RND-020,Net25,0.0,0.005
RND-020,Net36,0.0,0.005
RND-020,Net60,0.0,0.005
RND-020,Opt06_Bid,603886.8436905231,0.005
RND-020,Opt12_Bid,596960.5539401115,0.005
RND-020,Opt24_Bid,584722.2174206702,0.005
RND-020,Opt36_Bid,574415.1487395676,0.005
RND-020,Opt60_Bid,563001.7932174562,0.005
RND-021,PmtPull,27834.21,0.005
RND-021,ExitVal,1941256.2844314747,0.005
RND-021,BidNPV,1783738.4977668684,0.005
RND-021,BidPct,0.7061186034764981,1e-09
RND-021,CY12,1.1663297826649157,1.1663297826649159e-09
RND-021,MOIC,1.1663297826649157,1.1663297826649159e-09
RND-021,ImpDPO,0.2012537370780113,1e-09
RND-021,BidMwVx,0.6491412777248594,1e-09
RND-021,F12P12,11.721512458825234,1.1721512458825235e-08
RND-021,MTM,101.0,0.0
RND-021,MTA,170.0,0.0
RND-021,UseMTM,101.0,0.0
RND-021,BalAtExit,1456916.4926698161,0.005
RND-021,YtmIRR,0.17771570891713895,1e-06
RND-021,YtmXIRR,0.19267697849359866,1e-06
RND-021,SellYTM,0.23930000000332188,1e-06
RND-021,MinHYTM,1.0,0.0
RND-021,MinHCY,1.0,0.0
RND-021,MinHMOIC,15.0,0.0
RND-021,MinHAll,15.0,0.0
RND-021,Net01,0.0,0.005
RND-021,Net02,0.0,0.005
RND-021,Net12,0.0,0.005
RND-021,Net23,0.0,0.005
RND-021,Net24,0.0,0.005
RND-021,Net25,0.0,0.005
RND-021,Net36,0.0,0.005
RND-021,Net60,0.0,0.005
RND-021,Opt06_Bid,1783738.497766869,0.005
RND-021,Opt12_Bid,1783738.4977668682,0.005
RND-021,Opt24_Bid,1783738.4977668673,0.005
RND-021,Opt36_Bid,1783738.4977668663,0.005
RND-021,Opt60_Bid,1783738.4977668654,0.005
RND-022,PmtPull,9516.22,0.005
RND-022,ExitVal,1855242.45212,0.005
RND-022,BidNPV,1598873.9545255634,0.005
RND-022,BidPct,0.6955628520794803,1e-09
RND-022,CY12,0.06547008893584823,1e-09
RND-022,MOIC,1.2972351611890858,1.2972351611890859e-09
RND-022,ImpDPO,0.18386055094335063,1e-09
RND-022,BidMwVx,0.5755191988454943,1e-09
RND-022,F12P12,1.038654443936421,1.038654443936421e-09
RND-022,MTM,95.0,0.0
RND-022,MTA,326.0,0.0
RND-022,UseMTM,95.0,0.0
RND-022,BalAtExit,1875225.5464659617,0.005
RND-022,YtmIRR,0.10332539698479128,1e-06
RND-022,YtmXIRR,0.10825072285619394,1e-06
RND-022,SellYTM,0.13290000000320037,1e-06
RND-022,MinHYTM,22.0,0.0
RND-022,MinHCY,1.0,0.0
RND-022,MinHMOIC,26.0,0.0
RND-022,MinHAll,,0.0
RND-022,Net01,0.0,0.005
RND-022,Net02,9516.22,0.005
RND-022,Net12,9516.22,0.005
RND-022,Net23,9516.22,0.005
RND-022,Net24,9516.22,0.005
RND-022,Net25,1855242.45212,0.005
RND-022,Net36,0.0,0.005
RND-022,Net60,0.0,0.005
RND-022,Opt06_Bid,1773230.7769181326,0.005
RND-022,Opt12_Bid,1714181.3942274826,0.005
RND-022,Opt24_Bid,1607169.501275863,0.005
RND-022,Opt36_Bid,1513406.4824946816,0.005
RND-022,Opt60_Bid,1359268.9105230952,0.005
RND-023,PmtPull,808.65286,0.005
RND-023,ExitVal,1176196.2185216965,0.005
RND-023,BidNPV,1081208.6457139947,0.005
RND-023,BidPct,1.4507123490981668,1.450712349098167e-09
RND-023,CY12,1.0953322948501167,1.095332294850117e-09
RND-023,MOIC,1.0953322948501167,1.095332294850117e-09
RND-023,ImpDPO,-0.34205935764399276,1e-09
RND-023,BidMwVx,6.629101521217001,6.629101521217001e-09
RND-023,F12P12,36.214626455247895,3.62146264552479e-08
RND-023,MTM,47.0,0.0
RND-023,MTA,360.0,0.0
RND-023,UseMTM,47.0,0.0
RND-023,BalAtExit,742078.8462084555,0.005
RND-023,YtmIRR,0.019373885499907588,1e-06
RND-023,YtmXIRR,0.019523661133220235,1e-06
RND-023,SellYTM,0.09169999999780815,1e-06
RND-023,MinHYTM,,0.0
RND-023,MinHCY,1.0,0.0
RND-023,MinHMOIC,35.0,0.0
RND-023,MinHAll,,0.0
RND-023,Net01,0.0,0.005
RND-023,Net02,808.65286,0.005
RND-023,Net12,1176196.2185216965,0.005
RND-023,Net23,0.0,0.005
RND-023,Net24,0.0,0.005
RND-023,Net25,0.0,0.005
RND-023,Net36,0.0,0.005
RND-023,Net60,0.0,0.005
RND-023,Opt06_Bid,1081208.6457139947,0.005
RND-023,Opt12_Bid,1081208.6457139947,0.005
RND-023,Opt24_Bid,1081208.6457139945,0.005
RND-023,Opt36_Bid,1081208.6457139945,0.005
RND-023,Opt60_Bid,1081208.6457139943,0.005
RND-024,PmtPull,3128.3748834083335,0.005
RND-024,ExitVal,278848.6307967362,0.005
RND-024,BidNPV,252927.95190633857,0.005
RND-024,BidPct,1.125359475270872,1.125359475270872e-09
RND-024,CY12,1.1321885468649664,1.1321885468649664e-09
RND-024,MOIC,1.1321885468649664,1.1321885468649664e-09
RND-024,ImpDPO,-0.22365680051605974,1e-09
RND-024,BidMwVx,0.5844836214345178,1e-09
RND-024,F12P12,23.712796279842166,2.371279627984217e-08
RND-024,MTM,89.0,0.0
RND-024,MTA,129.0,0.0
RND-024,UseMTM,89.0,0.0
RND-024,BalAtExit,102668.3250945636,0.005
RND-024,YtmIRR,0.08812436573039051,1e-06
RND-024,YtmXIRR,0.0916530861422106,1e-06
RND-024,SellYTM,0.1911999999997981,1e-06
RND-024,MinHYTM,15.0,0.0
RND-024,MinHCY,1.0,0.0
RND-024,MinHMOIC,18.0,0.0
RND-024,MinHAll,18.0,0.0
RND-024,Net01,0.0,0.005
RND-024,Net02,0.0,0.005
RND-024,Net12,0.0,0.005
RND-024,Net23,0.0,0.005
RND-024,Net24,0.0,0.005
RND-024,Net25,0.0,0.005
RND-024,Net36,0.0,0.005
RND-024,Net60,0.0,0.005
RND-024,Opt06_Bid,255885.77098398417,0.005
RND-024,Opt12_Bid,245641.81785653936,0.005
RND-024,Opt24_Bid,224777.00995234563,0.005
RND-024,Opt36_Bid,212863.20065958714,0.005
RND-024,Opt60_Bid,195483.1747515952,0.005
RND-025,PmtPull,6161.292747532523,0.005
RND-025,ExitVal,70806.69667064345,0.005
RND-025,BidNPV,227062.73569375067,0.005
RND-025,BidPct,0.7193482734178311,1e-09
RND-025,CY12,0.27134759601604225,1e-09
RND-025,MOIC,1.5329017738034172,1.5329017738034174e-09
RND-025,ImpDPO,0.20499999999999985,1e-09
RND-025,BidMwVx,1.5071165409573246,1.5071165409573246e-09
RND-025,F12P12,4.636214593285765,4.636214593285766e-09
RND-025,MTM,44.0,0.0
RND-025,MTA,349.0,0.0
RND-025,UseMTM,44.0,0.0
RND-025,BalAtExit,303981.1021022721,0.005
RND-025,YtmIRR,0.18798439202887424,1e-06
RND-025,YtmXIRR,0.20488309502280855,1e-06
RND-025,SellYTM,0.1846000000025462,1e-06
RND-025,MinHYTM,1.0,0.0
RND-025,MinHCY,1.0,0.0
RND-025,MinHMOIC,21.0,0.0
RND-025,MinHAll,21.0,0.0
RND-025,Net01,0.0,0.005
RND-025,Net02,0.0,0.005
RND-025,Net12,6161.292747532523,0.005
RND-025,Net23,6161.292747532523,0.005
RND-025,Net24,6161.292747532523,0.005
RND-025,Net25,6161.292747532523,0.005
RND-025,Net36,6161.292747532523,0.005
RND-025,Net60,0.0,0.005
RND-025,Opt06_Bid,237740.257384044,0.005
RND-025,Opt12_Bid,232523.3520087616,0.005
RND-025,Opt24_Bid,226464.13784632293,0.005
RND-025,Opt36_Bid,225038.1904042039,0.005
RND-025,Opt60_Bid,231598.8045170704,0.005
RND-026,PmtPull,1012.0111810737611,0.005
RND-026,ExitVal,28955.9772280951,0.005
RND-026,BidNPV,33681.36187794564,0.005
RND-026,BidPct,0.6139834150598069,1e-09
RND-026,CY12,1.1601695080037577,1.1601695080037578e-09
RND-026,MOIC,1.1601695080037577,1.1601695080037578e-09
RND-026,ImpDPO,0.379,1e-09
RND-026,BidMwVx,1.5393056347800287,1.5393056347800287e-09
RND-026,F12P12,9.04493035975777,9.04493035975777e-09
RND-026,MTM,27.0,0.0
RND-026,MTA,317.0,0.0
RND-026,UseMTM,27.0,0.0
RND-026,BalAtExit,53407.60876272358,0.005
RND-026,YtmIRR,0.3291797037576991,1e-06
RND-026,YtmXIRR,0.382698611129638,1e-06
RND-026,SellYTM,0.18890000000287654,1e-06
RND-026,MinHYTM,1.0,0.0
RND-026,MinHCY,1.0,0.0
RND-026,MinHMOIC,23.0,0.0
RND-026,MinHAll,23.0,0.0
RND-026,Net01,1012.0111810737611,0.005
RND-026,Net02,1012.0111810737611,0.005
RND-026,Net12,0.0,0.005
RND-026,Net23,0.0,0.005
RND-026,Net24,0.0,0.005
RND-026,Net25,0.0,0.005
RND-026,Net36,0.0,0.005
RND-026,Net60,0.0,0.005
RND-026,Opt06_Bid,33594.573983705835,0.005
RND-026,Opt12_Bid,33714.314106910155,0.005
RND-026,Opt24_Bid,34450.37887265577,0.005
RND-026,Opt36_Bid,35673.59205410739,0.005
RND-026,Opt60_Bid,38953.63771875632,0.005
RND-027,PmtPull,4774.088769999999,0.005
RND-027,ExitVal,417000.4107641287,0.005
RND-027,BidNPV,340769.10242776514,0.005
RND-027,BidPct,1.0377367298126379,1.0377367298126379e-09
RND-027,CY12,0.07752645765647168,1e-09
RND-027,MOIC,1.5448847367425962,1.5448847367425962e-09
RND-027,ImpDPO,-0.47656734088827246,1e-09
RND-027,BidMwVx,2.015994905765967,2.015994905765967e-09
RND-027,F12P12,0.5367739056159191,1e-09
RND-027,MTM,94.0,0.0
RND-027,MTA,104.0,0.0
RND-027,UseMTM,94.0,0.0
RND-027,BalAtExit,50972.60076616774,0.005
RND-027,YtmIRR,0.11099383676241743,1e-06
RND-027,YtmXIRR,0.116665333329451,1e-06
RND-027,SellYTM,0.16699999999759643,1e-06
RND-027,MinHYTM,3.0,0.0
RND-027,MinHCY,1.0,0.0
RND-027,MinHMOIC,20.0,0.0
RND-027,MinHAll,,0.0
RND-027,Net01,0.0,0.005
RND-027,Net02,0.0,0.005
RND-027,Net12,3774.0887699999994,0.005
RND-027,Net23,3774.0887699999994,0.005
RND-027,Net24,3774.0887699999994,0.005
RND-027,Net25,3774.0887699999994,0.005
RND-027,Net36,0.0,0.005
RND-027,Net60,0.0,0.005
RND-027,Opt06_Bid,340769.10242776456,0.005
RND-027,Opt12_Bid,339921.9279649639,0.005
RND-027,Opt24_Bid,340051.3978573431,0.005
RND-027,Opt36_Bid,340769.1024277652,0.005
RND-027,Opt60_Bid,340769.10242776555,0.005
RND-028,PmtPull,3929.7204994733656,0.005
RND-028,ExitVal,441578.7014000001,0.005
RND-028,BidNPV,412912.20581572317,0.005
RND-028,BidPct,1.2254886682769484,1.2254886682769484e-09
RND-028,CY12,0.09517084852723252,1e-09
RND-028,MOIC,1.6023819108553798,1.6023819108553799e-09
RND-028,ImpDPO,-0.3912527617682806,1e-09
RND-028,BidMwVx,0.5124248249963631,1e-09
RND-028,F12P12,2.308930084075337,2.308930084075337e-09
RND-028,MTM,84.0,0.0
RND-028,MTA,322.0,0.0
RND-028,UseMTM,84.0,0.0
RND-028,BalAtExit,302993.3615302903,0.005
RND-028,YtmIRR,0.04054871694884172,1e-06
RND-028,YtmXIRR,0.04127141077032406,1e-06
RND-028,SellYTM,0.11819999999693143,1e-06
RND-028,MinHYTM,,0.0
RND-028,MinHCY,1.0,0.0
RND-028,MinHMOIC,30.0,0.0
RND-028,MinHAll,,0.0
RND-028,Net01,0.0,0.005
RND-028,Net02,0.0,0.005
RND-028,Net12,3929.7204994733656,0.005
RND-028,Net23,3929.7204994733656,0.005
RND-028,Net24,3929.7204994733656,0.005
RND-028,Net25,3929.7204994733656,0.005
RND-028,Net36,3929.7204994733656,0.005
RND-028,Net60,0.0,0.005
RND-028,Opt06_Bid,427694.2341887488,0.005
RND-028,Opt12_Bid,425610.5312207765,0.005
RND-028,Opt24_Bid,421793.3593643557,0.005
RND-028,Opt36_Bid,418399.7701145675,0.005
RND-028,Opt60_Bid,412700.5394820884,0.005
RND-029,PmtPull,9481.32,0.005
RND-029,ExitVal,475803.47880806035,0.005
RND-029,BidNPV,453680.8175766801,0.005
RND-029,BidPct,0.5920213233470238,1e-09
RND-029,CY12,0.20898657454031522,1e-09
RND-029,MOIC,1.5085330750013162,1.5085330750013164e-09
RND-029,ImpDPO,0.357,1e-09
RND-029,BidMwVx,0.34344173538770395,1e-09
RND-029,F12P12,2.0996174046451332,2.0996174046451335e-09
RND-029,MTM,38.0,0.0
RND-029,MTA,360.0,0.0
RND-029,UseMTM,38.0,0.0
RND-029,BalAtExit,778113.4895798119,0.005
RND-029,YtmIRR,0.33675133763194864,1e-06
RND-029,YtmXIRR,0.393004942748705,1e-06
RND-029,SellYTM,0.23639999999727404,1e-06
RND-029,MinHYTM,1.0,0.0
RND-029,MinHCY,1.0,0.0
RND-029,MinHMOIC,15.0,0.0
RND-029,MinHAll,15.0,0.0
RND-029,Net01,0.0,0.005
RND-029,Net02,0.0,0.005
RND-029,Net12,9481.32,0.005
RND-029,Net23,9481.32,0.005
RND-029,Net24,9481.32,0.005
RND-029,Net25,475803.47880806035,0.005
RND-029,Net36,0.0,0.005
RND-029,Net60,0.0,0.005
RND-029,Opt06_Bid,466835.340506457,0.005
RND-029,Opt12_Bid,461871.19899680547,0.005
RND-029,Opt24_Bid,454202.2002703302,0.005
RND-029,Opt36_Bid,448940.1053416453,0.005
RND-029,Opt60_Bid,443427.6071576896,0.005
RND-030,PmtPull,14110.59,0.005
RND-030,ExitVal,1104663.2,0.005
RND-030,BidNPV,1121429.5412435047,0.005
RND-030,BidPct,0.35405591791892455,1e-09
RND-030,CY12,0.11324412754383158,1e-09
RND-030,MOIC,1.5512697731067338,1.5512697731067338e-09
RND-030,ImpDPO,0.7473625564751276,1e-09
RND-030,BidMwVx,0.2196023075336358,1e-09
RND-030,F12P12,0.9553705846331617,1e-09
RND-030,MTM,84.0,0.0
RND-030,MTA,360.0,0.0
RND-030,UseMTM,84.0,0.0
RND-030,BalAtExit,2983826.731401601,0.005
RND-030,YtmIRR,0.23619473867934107,1e-06
RND-030,YtmXIRR,0.26323232227325144,1e-06
RND-030,SellYTM,0.1340999999993521,1e-06
RND-030,MinHYTM,1.0,0.0
RND-030,MinHCY,1.0,0.0
RND-030,MinHMOIC,27.0,0.0
RND-030,MinHAll,27.0,0.0
RND-030,Net01,0.0,0.005
RND-030,Net02,0.0,0.005
RND-030,Net12,14110.59,0.005
RND-030,Net23,14110.59,0.005
RND-030,Net24,14110.59,0.005
RND-030,Net25,14110.59,0.005
RND-030,Net36,14110.59,0.005
RND-030,Net60,0.0,0.005
RND-030,Opt06_Bid,1060253.2979519595,0.005
RND-030,Opt12_Bid,1070640.742999351,0.005
RND-030,Opt24_Bid,1089448.7654530082,0.005
RND-030,Opt36_Bid,1105908.66764437,0.005
RND-030,Opt60_Bid,1132920.132401095,0.005
RND-031,PmtPull,2406.524413824359,0.005
RND-031,ExitVal,126920.63376360213,0.005
RND-031,BidNPV,158112.8503151845,0.005
RND-031,BidPct,0.9681738578616125,1e-09
RND-031,CY12,0.15951751234507816,1e-09
RND-031,MOIC,1.434068506716747,1.434068506716747e-09
RND-031,ImpDPO,0.014715928464113182,1e-09
RND-031,BidMwVx,0.8636964532065035,1e-09
RND-031,F12P12,6.47336112561545,6.4733611256154505e-09
RND-031,MTM,113.0,0.0
RND-031,MTA,241.0,0.0
RND-031,UseMTM,113.0,0.0
RND-031,BalAtExit,116291.51130308476,0.005
RND-031,YtmIRR,0.08213125117776984,1e-06
RND-031,YtmXIRR,0.0852050237135685,1e-06
RND-031,SellYTM,0.12940000000276014,1e-06
RND-031,MinHYTM,,0.0
RND-031,MinHCY,1.0,0.0
RND-031,MinHMOIC,30.0,0.0
RND-031,MinHAll,,0.0
RND-031,Net01,0.0,0.005
RND-031,Net02,2406.524413824359,0.005
RND-031,Net12,2406.524413824359,0.005
RND-031,Net23,2406.524413824359,0.005
RND-031,Net24,2406.524413824359,0.005
RND-031,Net25,2406.524413824359,0.005
RND-031,Net36,2406.524413824359,0.005
RND-031,Net60,0.0,0.005
RND-031,Opt06_Bid,158112.85031518474,0.005
RND-031,Opt12_Bid,158112.85031518468,0.005
RND-031,Opt24_Bid,158112.85031518462,0.005
RND-031,Opt36_Bid,158112.85031518454,0.005
RND-031,Opt60_Bid,158112.85031518445,0.005
RND-032,PmtPull,1139.31,0.005
RND-032,ExitVal,64458.35404007692,0.005
RND-032,BidNPV,58838.887033972096,0.005
RND-032,BidPct,0.9834557194024758,1e-09
RND-032,CY12,-0.2699833528602961,1e-09
RND-032,MOIC,1.7162305259406585,1.7162305259406586e-09
RND-032,ImpDPO,-2.5276057212147776,2.5276057212147777e-09
RND-032,BidMwVx,0.7055715307531051,1e-09
RND-032,F12P12,-1.9270919514852123,1.9270919514852123e-09
RND-032,MTM,22.0,0.0
RND-032,MTA,123.0,0.0
RND-032,UseMTM,22.0,0.0
RND-032,BalAtExit,53351.01596585456,0.005
RND-032,YtmIRR,0.11787644831088001,1e-06
RND-032,YtmXIRR,0.1242658165812171,1e-06
RND-032,SellYTM,0.11620000000088951,1e-06
RND-032,MinHYTM,4.0,0.0
RND-032,MinHCY,1.0,0.0
RND-032,MinHMOIC,24.0,0.0
RND-032,MinHAll,,0.0
RND-032,Net01,0.0,0.005
RND-032,Net02,0.0,0.005
RND-032,Net12,1139.31,0.005
RND-032,Net23,1139.31,0.005
RND-032,Net24,1139.31,0.005
RND-032,Net25,1139.31,0.005
RND-032,Net36,1139.31,0.005
RND-032,Net60,0.0,0.005
RND-032,Opt06_Bid,58838.88703397179,0.005
RND-032,Opt12_Bid,58838.88703397183,0.005
RND-032,Opt24_Bid,58838.88703397192,0.005
RND-032,Opt36_Bid,58838.887033971994,0.005
RND-032,Opt60_Bid,58838.88703397211,0.005
RND-033,PmtPull,12711.67,0.005
RND-033,ExitVal,642093.7745170868,0.005
RND-033,BidNPV,604270.9442517381,0.005
RND-033,BidPct,0.7851393306046879,1e-09
RND-033,CY12,0.20775455314247288,1e-09
RND-033,MOIC,1.6052741634272225,1.6052741634272226e-09
RND-033,ImpDPO,0.1479999999999999,1e-09
RND-033,BidMwVx,0.3489368061930144,1e-09
RND-033,F12P12,3.5345360437252995,3.5345360437253e-09
RND-033,MTM,34.0,0.0
RND-033,MTA,102.0,0.0
RND-033,UseMTM,34.0,0.0
RND-033,BalAtExit,604926.4038884713,0.005
RND-033,YtmIRR,0.25270234942049613,1e-06
RND-033,YtmXIRR,0.28370952424343376,1e-06
RND-033,SellYTM,0.2444000000035423,1e-06
RND-033,MinHYTM,1.0,0.0
RND-033,MinHCY,1.0,0.0
RND-033,MinHMOIC,15.0,0.0
RND-033,MinHAll,15.0,0.0
RND-033,Net01,12711.67,0.005
RND-033,Net02,12711.67,0.005
RND-033,Net12,11711.67,0.005
RND-033,Net23,12711.67,0.005
RND-033,Net24,12711.67,0.005
RND-033,Net25,12711.67,0.005
RND-033,Net36,0.0,0.005
RND-033,Net60,0.0,0.005
RND-033,Opt06_Bid,626299.0346139617,0.005
RND-033,Opt12_Bid,618515.3296978346,0.005
RND-033,Opt24_Bid,607682.4075889111,0.005
RND-033,Opt36_Bid,600147.1240804029,0.005
RND-033,Opt60_Bid,590528.4918100525,0.005
RND-034,PmtPull,2786.6816530381934,0.005
RND-034,ExitVal,189625.296917877,0.005
RND-034,BidNPV,156947.59118571016,0.005
RND-034,BidPct,0.711009440899305,1e-09
RND-034,CY12,0.21306590043099055,1e-09
RND-034,MOIC,2.060471357480471,2.0604713574804714e-09
RND-034,ImpDPO,-0.21485308685401727,1e-09
RND-034,BidMwVx,0.9592716243936474,1e-09
RND-034,F12P12,1.921048978813904,1.921048978813904e-09
RND-034,MTM,13.0,0.0
RND-034,MTA,360.0,0.0
RND-034,UseMTM,13.0,0.0
RND-034,BalAtExit,220407.183289638,0.005
RND-034,YtmIRR,0.4261229182819528,1e-06
RND-034,YtmXIRR,0.5190136817930677,1e-06
RND-034,SellYTM,0.24090000000310213,1e-06
RND-034,MinHYTM,9.0,0.0
RND-034,MinHCY,1.0,0.0
RND-034,MinHMOIC,15.0,0.0
RND-034,MinHAll,15.0,0.0
RND-034,Net01,2786.6816530381934,0.005
RND-034,Net02,2786.6816530381934,0.005
RND-034,Net12,2786.6816530381934,0.005
RND-034,Net23,2786.6816530381934,0.005
RND-034,Net24,2786.6816530381934,0.005
RND-034,Net25,2786.6816530381934,0.005
RND-034,Net36,2786.6816530381934,0.005
RND-034,Net60,0.0,0.005
RND-034,Opt06_Bid,224838.3258566961,0.005
RND-034,Opt12_Bid,209543.27342828776,0.005
RND-034,Opt24_Bid,191862.82417372183,0.005
RND-034,Opt36_Bid,172238.4852659366,0.005
RND-034,Opt60_Bid,147679.45028917948,0.005
RND-035,PmtPull,29854.83751173592,0.005
RND-035,ExitVal,1765510.270013713,0.005
RND-035,BidNPV,1729920.4269403678,0.005
RND-035,BidPct,0.6774815078165765,1e-09
RND-035,CY12,1.0378310352117353,1.0378310352117354e-09
RND-035,MOIC,1.0378310352117353,1.0378310352117354e-09
RND-035,ImpDPO,0.3087203997290009,1e-09
RND-035,BidMwVx,1.2067145122893501,1.2067145122893502e-09
RND-035,F12P12,52.721215446008564,5.2721215446008565e-08
RND-035,MTM,74.0,0.0
RND-035,MTA,319.0,0.0
RND-035,UseMTM,74.0,0.0
RND-035,BalAtExit,2305807.2890128656,0.005
RND-035,YtmIRR,0.1565562552458225,1e-06
RND-035,YtmXIRR,0.16803372713001297,1e-06
RND-035,SellYTM,0.22679999999859254,1e-06
RND-035,MinHYTM,1.0,0.0
RND-035,MinHCY,1.0,0.0
RND-035,MinHMOIC,16.0,0.0
RND-035,MinHAll,16.0,0.0
RND-035,Net01,29854.83751173592,0.005
RND-035,Net02,1765510.270013713,0.005
RND-035,Net12,0.0,0.005
RND-035,Net23,0.0,0.005
RND-035,Net24,0.0,0.005
RND-035,Net25,0.0,0.005
RND-035,Net36,0.0,0.005
RND-035,Net60,0.0,0.005
RND-035,Opt06_Bid,1729920.426940368,0.005
RND-035,Opt12_Bid,1729920.426940369,0.005
RND-035,Opt24_Bid,1729920.42694037,0.005
RND-035,Opt36_Bid,1729920.426940371,0.005
RND-035,Opt60_Bid,1729920.4269403722,0.005
RND-036,PmtPull,1829.07,0.005
RND-036,ExitVal,269248.1227652674,0.005
RND-036,BidNPV,238495.84447411716,0.005
RND-036,BidPct,0.9067271524694437,1e-09
RND-036,CY12,1.2056345191225026,1.2056345191225028e-09
RND-036,MOIC,1.2056345191225026,1.2056345191225028e-09
RND-036,ImpDPO,0.0,1e-09
RND-036,BidMwVx,0.5258071169070528,1e-09
RND-036,F12P12,63.117385287900966,6.311738528790097e-08
RND-036,MTM,8.0,0.0
RND-036,MTA,275.0,0.0
RND-036,UseMTM,8.0,0.0
RND-036,BalAtExit,261606.29172008057,0.005
RND-036,YtmIRR,0.2789564728400813,1e-06
RND-036,YtmXIRR,0.3178739591266371,1e-06
RND-036,SellYTM,0.2130000000023295,1e-06
RND-036,MinHYTM,1.0,0.0
RND-036,MinHCY,1.0,0.0
RND-036,MinHMOIC,16.0,0.0
RND-036,MinHAll,16.0,0.0
RND-036,Net01,1829.07,0.005
RND-036,Net02,1829.07,0.005
RND-036,Net12,0.0,0.005
RND-036,Net23,0.0,0.005
RND-036,Net24,0.0,0.005
RND-036,Net25,0.0,0.005
RND-036,Net36,0.0,0.005
RND-036,Net60,0.0,0.005
RND-036,Opt06_Bid,249110.81590926723,0.005
RND-036,Opt12_Bid,236473.1821728967,0.005
RND-036,Opt24_Bid,214563.6414793551,0.005
RND-036,Opt36_Bid,196459.04170967126,0.005
RND-036,Opt60_Bid,169047.4036253341,0.005
RND-037,PmtPull,14872.78,0.005
RND-037,ExitVal,4329809.1931220675,0.005
RND-037,BidNPV,3445054.855513275,0.005
RND-037,BidPct,0.9320931836226869,1e-09
RND-037,CY12,0.0345371104351466,1e-09
RND-037,MOIC,1.317258593389205,1.317258593389205e-09
RND-037,ImpDPO,-0.050307127909049676,1e-09
RND-037,BidMwVx,0.5237801191465818,1e-09
RND-037,F12P12,0.4436737207769745,1e-09
RND-037,MTM,18.0,0.0
RND-037,MTA,360.0,0.0
RND-037,UseMTM,18.0,0.0
RND-037,BalAtExit,3727233.5093022343,0.005
RND-037,YtmIRR,0.130670115354814,1e-06
RND-037,YtmXIRR,0.1383812214872614,1e-06
RND-037,SellYTM,0.17879999999781765,1e-06
RND-037,MinHYTM,10.0,0.0
RND-037,MinHCY,1.0,0.0
RND-037,MinHMOIC,19.0,0.0
RND-037,MinHAll,,0.0
RND-037,Net01,0.0,0.005
RND-037,Net02,0.0,0.005
RND-037,Net12,14872.78,0.005
RND-037,Net23,0.0,0.005
RND-037,Net24,0.0,0.005
RND-037,Net25,0.0,0.005
RND-037,Net36,0.0,0.005
RND-037,Net60,0.0,0.005
RND-037,Opt06_Bid,3646126.1566016516,0.005
RND-037,Opt12_Bid,3550427.325769278,0.005
RND-037,Opt24_Bid,3373636.482904551,0.005
RND-037,Opt36_Bid,3214127.2878311276,0.005
RND-037,Opt60_Bid,2938183.25641709,0.005
RND-038,PmtPull,2698.2904207499996,0.005
RND-038,ExitVal,322632.37543690455,0.005
RND-038,BidNPV,291011.15080186777,0.005
RND-038,BidPct,1.2951909790595129,1.295190979059513e-09
RND-038,CY12,0.10199332412680695,1e-09
RND-038,MOIC,1.3590070885854735,1.3590070885854735e-09
RND-038,ImpDPO,-0.4188865762386913,1e-09
RND-038,BidMwVx,1.496954923537175,1.4969549235371751e-09
RND-038,F12P12,3.9439831601155504,3.94398316011555e-09
RND-038,MTM,93.0,0.0
RND-038,MTA,129.0,0.0
RND-038,UseMTM,93.0,0.0
RND-038,BalAtExit,86983.03661474382,0.005
RND-038,YtmIRR,0.03570511216016641,1e-06
RND-038,YtmXIRR,0.03625464878614912,1e-06
RND-038,SellYTM,0.1414999999964941,1e-06
RND-038,MinHYTM,,0.0
RND-038,MinHCY,1.0,0.0
RND-038,MinHMOIC,25.0,0.0
RND-038,MinHAll,,0.0
RND-038,Net01,0.0,0.005
RND-038,Net02,2698.2904207499996,0.005
RND-038,Net12,2698.2904207499996,0.005
RND-038,Net23,2698.2904207499996,0.005
RND-038,Net24,2698.2904207499996,0.005
RND-038,Net25,2698.2904207499996,0.005
RND-038,Net36,0.0,0.005
RND-038,Net60,0.0,0.005
RND-038,Opt06_Bid,239996.4322136566,0.005
RND-038,Opt12_Bid,254627.48262627053,0.005
RND-038,Opt24_Bid,281034.8174250392,0.005
RND-038,Opt36_Bid,304054.67088693613,0.005
RND-038,Opt60_Bid,341652.48114494473,0.005
RND-039,PmtPull,552.82,0.005
RND-039,ExitVal,70958.90789308253,0.005
RND-039,BidNPV,52805.68637383363,0.005
RND-039,BidPct,0.90513068771955,1e-09
RND-039,CY12,0.12562737946508754,1e-09
RND-039,MOIC,1.6054976975944124,1.6054976975944126e-09
RND-039,ImpDPO,-0.15489509570336102,1e-09
RND-039,BidMwVx,13.219830207021687,1.3219830207021687e-08
RND-039,F12P12,1.8193047312936734,1.8193047312936736e-09
RND-039,MTM,106.0,0.0
RND-039,MTA,148.0,0.0
RND-039,UseMTM,106.0,0.0
RND-039,BalAtExit,26899.741735548363,0.005
RND-039,YtmIRR,0.1547813824935012,1e-06
RND-039,YtmXIRR,0.16605059156043572,1e-06
RND-039,SellYTM,0.24389999999716497,1e-06
RND-039,MinHYTM,4.0,0.0
RND-039,MinHCY,1.0,0.0
RND-039,MinHMOIC,14.0,0.0
RND-039,MinHAll,14.0,0.0
RND-039,Net01,552.82,0.005
RND-039,Net02,552.82,0.005
RND-039,Net12,552.82,0.005
RND-039,Net23,552.82,0.005
RND-039,Net24,552.82,0.005
RND-039,Net25,552.82,0.005
RND-039,Net36,0.0,0.005
RND-039,Net60,0.0,0.005
RND-039,Opt06_Bid,65492.393081306334,0.005
RND-039,Opt12_Bid,61137.50486391182,0.005
RND-039,Opt24_Bid,53857.17578450298,0.005
RND-039,Opt36_Bid,48138.58953052321,0.005
RND-039,Opt60_Bid,40118.44035473123,0.005
RND-040,PmtPull,469.9416564,0.005
RND-040,ExitVal,28089.965099999998,0.005
RND-040,BidNPV,24330.51108167515,0.005
RND-040,BidPct,0.5886643740370628,1e-09
RND-040,CY12,1.0907860330146737,1.0907860330146738e-09
RND-040,MOIC,1.0907860330146737,1.0907860330146738e-09
RND-040,ImpDPO,0.3280179785460917,1e-09
RND-040,BidMwVx,0.35512716046367787,1e-09
RND-040,F12P12,5.540488188923775,5.540488188923776e-09
RND-040,MTM,68.0,0.0
RND-040,MTA,151.0,0.0
RND-040,UseMTM,68.0,0.0
RND-040,BalAtExit,30834.912984718496,0.005
RND-040,YtmIRR,0.3009770396098695,1e-06
RND-040,YtmXIRR,0.34565863041915457,1e-06
RND-040,SellYTM,0.09469999999923787,1e-06
RND-040,MinHYTM,1.0,0.0
RND-040,MinHCY,1.0,0.0
RND-040,MinHMOIC,37.0,0.0
RND-040,MinHAll,,0.0
RND-040,Net01,469.9416564,0.005
RND-040,Net02,469.9416564,0.005
RND-040,Net12,0.0,0.005
RND-040,Net23,0.0,0.005
RND-040,Net24,0.0,0.005
RND-040,Net25,0.0,0.005
RND-040,Net36,0.0,0.005
RND-040,Net60,0.0,0.005
RND-040,Opt06_Bid,24321.316337288652,0.005
RND-040,Opt12_Bid,24332.30706069002,0.005
RND-040,Opt24_Bid,26947.717946066532,0.005
RND-040,Opt36_Bid,29327.699953066483,0.005
RND-040,Opt60_Bid,33464.23916151157,0.005
RND-041,PmtPull,6051.18,0.005
RND-041,ExitVal,967572.6791027861,0.005
RND-041,BidNPV,885390.843764842,0.005
RND-041,BidPct,0.9358544655415509,1e-09
RND-041,CY12,1.1269922047757333,1.1269922047757334e-09
RND-041,MOIC,1.1269922047757333,1.1269922047757334e-09
RND-041,ImpDPO,0.0,1e-09
RND-041,BidMwVx,0.37521672550420526,1e-09
RND-041,F12P12,18.151733799346427,1.815173379934643e-08
RND-041,MTM,76.0,0.0
RND-041,MTA,306.0,0.0
RND-041,UseMTM,76.0,0.0
RND-041,BalAtExit,823448.6663428813,0.005
RND-041,YtmIRR,0.07205148897996809,1e-06
RND-041,YtmXIRR,0.07436864229981571,1e-06
RND-041,SellYTM,0.24540000000156328,1e-06
RND-041,MinHYTM,20.0,0.0
RND-041,MinHCY,1.0,0.0
RND-041,MinHMOIC,14.0,0.0
RND-041,MinHAll,20.0,0.0
RND-041,Net01,6051.18,0.005
RND-041,Net02,6051.18,0.005
RND-041,Net12,0.0,0.005
RND-041,Net23,0.0,0.005
RND-041,Net24,0.0,0.005
RND-041,Net25,0.0,0.005
RND-041,Net36,0.0,0.005
RND-041,Net60,0.0,0.005
RND-041,Opt06_Bid,885390.843764842,0.005
RND-041,Opt12_Bid,830754.1349633218,0.005
RND-041,Opt24_Bid,737163.6283363585,0.005
RND-041,Opt36_Bid,661014.546848001,0.005
RND-041,Opt60_Bid,548070.6443470325,0.005
RND-042,PmtPull,366.97,0.005
RND-042,ExitVal,25580.397819672955,0.005
RND-042,BidNPV,24429.425087061638,0.005
RND-042,BidPct,0.496891054368679,1e-09
RND-042,CY12,1.0771574740663712,1.0771574740663712e-09
RND-042,MOIC,1.0771574740663712,1.0771574740663712e-09
RND-042,ImpDPO,0.488,1e-09
RND-042,BidMwVx,0.3533489326464872,1e-09
RND-042,F12P12,19.06394011509864,1.906394011509864e-08
RND-042,MTM,86.0,0.0
RND-042,MTA,286.0,0.0
RND-042,UseMTM,86.0,0.0
RND-042,BalAtExit,42048.95588710277,0.005
RND-042,YtmIRR,0.22198330436299263,1e-06
RND-042,YtmXIRR,0.24565957837017915,1e-06
RND-042,SellYTM,0.2275000000031007,1e-06
RND-042,MinHYTM,1.0,0.0
RND-042,MinHCY,1.0,0.0
RND-042,MinHMOIC,15.0,0.0
RND-042,MinHAll,27.0,0.0
RND-042,Net01,0.0,0.005
RND-042,Net02,366.97,0.005
RND-042,Net12,0.0,0.005
RND-042,Net23,0.0,0.005
RND-042,Net24,0.0,0.005
RND-042,Net25,0.0,0.005
RND-042,Net36,0.0,0.005
RND-042,Net60,0.0,0.005
RND-042,Opt06_Bid,24363.750298916762,0.005
RND-042,Opt12_Bid,21727.44524911476,0.005
RND-042,Opt24_Bid,12847.1762594405,0.005
RND-042,Opt36_Bid,8336.21005045521,0.005
RND-042,Opt60_Bid,7648.457551659041,0.005
RND-043,PmtPull,28536.127564,0.005
RND-043,ExitVal,2766066.0175639996,0.005
RND-043,BidNPV,2187482.418401239,0.005
RND-043,BidPct,0.8317240728064137,1e-09
RND-043,CY12,0.15654230081459297,1e-09
RND-043,MOIC,1.7080340044381876,1.7080340044381877e-09
RND-043,ImpDPO,-0.04042439398840347,1e-09
RND-043,BidMwVx,0.5686606337500454,1e-09
RND-043,F12P12,6.952798506919023,6.952798506919023e-09
RND-043,MTM,110.0,0.0
RND-043,MTA,360.0,0.0
RND-043,UseMTM,110.0,0.0
RND-043,BalAtExit,3036166.925898405,0.005
RND-043,YtmIRR,0.15178694433011444,1e-06
RND-043,YtmXIRR,0.16261431765811046,1e-06
RND-043,SellYTM,0.2189000000024401,1e-06
RND-043,MinHYTM,1.0,0.0
RND-043,MinHCY,1.0,0.0
RND-043,MinHMOIC,16.0,0.0
RND-043,MinHAll,16.0,0.0
RND-043,Net01,28536.127564,0.005
RND-043,Net02,28536.127564,0.005
RND-043,Net12,28536.127564,0.005
RND-043,Net23,28536.127564,0.005
RND-043,Net24,28536.127564,0.005
RND-043,Net25,28536.127564,0.005
RND-043,Net36,0.0,0.005
RND-043,Net60,0.0,0.005
RND-043,Opt06_Bid,2616939.183753639,0.005
RND-043,Opt12_Bid,2508743.8199101957,0.005
RND-043,Opt24_Bid,2324573.685719347,0.005
RND-043,Opt36_Bid,2176318.8627112806,0.005
RND-043,Opt60_Bid,1960905.3841999182,0.005
RND-044,PmtPull,737.59,0.005
RND-044,ExitVal,60233.31,0.005
RND-044,BidNPV,64166.44015040752,0.005
RND-044,BidPct,1.1483153912221302,1.1483153912221304e-09
RND-044,CY12,0.126444446364514,1e-09
RND-044,MOIC,1.6054113296379544,1.6054113296379545e-09
RND-044,ImpDPO,-0.10567036577636846,1e-09
RND-044,BidMwVx,0.8565633943525555,1e-09
RND-044,F12P12,1.4354188965651455,1.4354188965651456e-09
RND-044,MTM,32.0,0.0
RND-044,MTA,188.0,0.0
RND-044,UseMTM,32.0,0.0
RND-044,BalAtExit,51477.14936990412,0.005
RND-044,YtmIRR,0.04206099950274551,1e-06
RND-044,YtmXIRR,0.04283908224776385,1e-06
RND-044,SellYTM,0.12430000000253973,1e-06
RND-044,MinHYTM,,0.0
RND-044,MinHCY,1.0,0.0
RND-044,MinHMOIC,30.0,0.0
RND-044,MinHAll,,0.0
RND-044,Net01,0.0,0.005
RND-044,Net02,737.59,0.005
RND-044,Net12,737.59,0.005
RND-044,Net23,737.59,0.005
RND-044,Net24,737.59,0.005
RND-044,Net25,737.59,0.005
RND-044,Net36,737.59,0.005
RND-044,Net60,60233.31,0.005
RND-044,Opt06_Bid,59467.89642966675,0.005
RND-044,Opt12_Bid,60127.99847024739,0.005
RND-044,Opt24_Bid,61331.84111950497,0.005
RND-044,Opt36_Bid,62395.65240021882,0.005
RND-044,Opt60_Bid,64166.44015040752,0.005
RND-045,PmtPull,2220.48,0.005
RND-045,ExitVal,138848.08342457368,0.005
RND-045,BidNPV,148687.6165116275,0.005
RND-045,BidPct,0.6931419038461136,1e-09
RND-045,CY12,0.12055664365699362,1e-09
RND-045,MOIC,1.518614722073482,1.5186147220734822e-09
RND-045,ImpDPO,0.019425113999683274,1e-09
RND-045,BidMwVx,0.770072782401245,1e-09
RND-045,F12P12,13.75102028291755,1.375102028291755e-08
RND-045,MTM,100.0,0.0
RND-045,MTA,255.0,0.0
RND-045,UseMTM,100.0,0.0
RND-045,BalAtExit,175966.8006599159,0.005
RND-045,YtmIRR,0.1714375048436061,1e-06
RND-045,YtmXIRR,0.1853244395785481,1e-06
RND-045,SellYTM,0.13679999999990214,1e-06
RND-045,MinHYTM,1.0,0.0
RND-045,MinHCY,1.0,0.0
RND-045,MinHMOIC,27.0,0.0
RND-045,MinHAll,27.0,0.0
RND-045,Net01,0.0,0.005
RND-045,Net02,2220.48,0.005
RND-045,Net12,1970.48,0.005
RND-045,Net23,1970.48,0.005
RND-045,Net24,1970.48,0.005
RND-045,Net25,1970.48,0.005
RND-045,Net36,2220.48,0.005
RND-045,Net60,0.0,0.005
RND-045,Opt06_Bid,148687.61651162792,0.005
RND-045,Opt12_Bid,148469.4115522132,0.005
RND-045,Opt24_Bid,148497.16289437507,0.005
RND-045,Opt36_Bid,148687.61651162762,0.005
RND-045,Opt60_Bid,148687.61651162742,0.005
RND-046,PmtPull,48.751376666666665,0.005
RND-046,ExitVal,20420.228535340382,0.005
RND-046,BidNPV,-2713.7331956546113,0.005
RND-046,BidPct,-0.08401598738257383,1e-09
RND-046,CY12,1.6516983756927746,1.6516983756927746e-09
RND-046,MOIC,1.6516983756927746,1.6516983756927746e-09
RND-046,ImpDPO,0.391,1e-09
RND-046,BidMwVx,-0.03450597181948794,1e-09
RND-046,F12P12,-1.987508407750146,1.987508407750146e-09
RND-046,MTM,40.0,0.0
RND-046,MTA,125.0,0.0
RND-046,UseMTM,40.0,0.0
RND-046,BalAtExit,25704.989565054984,0.005
RND-046,YtmIRR,,1e-06
RND-046,YtmXIRR,,1e-06
RND-046,SellYTM,,1e-06
RND-046,MinHYTM,,0.0
RND-046,MinHCY,1.0,0.0
RND-046,MinHMOIC,1.0,0.0
RND-046,MinHAll,,0.0
RND-046,Net01,0.0,0.005
RND-046,Net02,0.0,0.005
RND-046,Net12,0.0,0.005
RND-046,Net23,0.0,0.005
RND-046,Net24,0.0,0.005
RND-046,Net25,0.0,0.005
RND-046,Net36,0.0,0.005
RND-046,Net60,0.0,0.005
RND-046,Opt06_Bid,-2713.7331956546113,0.005
RND-046,Opt12_Bid,-3395.234908335209,0.005
RND-046,Opt24_Bid,-12544.966754558653,0.005
RND-046,Opt36_Bid,-18455.17295968228,0.005
RND-046,Opt60_Bid,-17916.36957653838,0.005
RND-047,PmtPull,1925.53,0.005
RND-047,ExitVal,216391.57180583477,0.005
RND-047,BidNPV,137701.41013759957,0.005
RND-047,BidPct,0.5373220802681493,1e-09
RND-047,CY12,0.11186697350889258,1e-09
RND-047,MOIC,2.3125737164755655,2.312573716475566e-09
RND-047,ImpDPO,-0.03727852920772379,1e-09
RND-047,BidMwVx,0.39721185556959326,1e-09
RND-047,F12P12,0.7058274763486874,1e-09
RND-047,MTM,50.0,0.0
RND-047,MTA,360.0,0.0
RND-047,UseMTM,50.0,0.0
RND-047,BalAtExit,251559.21034298447,0.005
RND-047,YtmIRR,0.27566759657279294,1e-06
RND-047,YtmXIRR,0.3127581889375024,1e-06
RND-047,SellYTM,0.21620000000189,1e-06
RND-047,MinHYTM,5.0,0.0
RND-047,MinHCY,1.0,0.0
RND-047,MinHMOIC,16.0,0.0
RND-047,MinHAll,34.0,0.0
RND-047,Net01,0.0,0.005
RND-047,Net02,0.0,0.005
RND-047,Net12,1925.53,0.005
RND-047,Net23,1925.53,0.005
RND-047,Net24,1925.53,0.005
RND-047,Net25,1925.53,0.005
RND-047,Net36,1925.53,0.005
RND-047,Net60,0.0,0.005
RND-047,Opt06_Bid,239242.87965012557,0.005
RND-047,Opt12_Bid,221011.08770915965,0.005
RND-047,Opt24_Bid,190804.2561530034,0.005
RND-047,Opt36_Bid,167439.1508432572,0.005
RND-047,Opt60_Bid,135653.2307420997,0.005
RND-048,PmtPull,6954.2210928666655,0.005
RND-048,ExitVal,439272.84151999996,0.005
RND-048,BidNPV,420814.7957553568,0.005
RND-048,BidPct,0.5585774728679428,1e-09
RND-048,CY12,0.18178170728104576,1e-09
RND-048,MOIC,1.5231053177744034,1.5231053177744035e-09
RND-048,ImpDPO,0.4222549159326936,1e-09
RND-048,BidMwVx,0.45791465658343516,1e-09
RND-048,F12P12,27.342712030830196,2.73427120308302e-08
RND-048,MTM,60.0,0.0
RND-048,MTA,360.0,0.0
RND-048,UseMTM,60.0,0.0
RND-048,BalAtExit,718173.0347879975,0.005
RND-048,YtmIRR,0.20525412740103025,1e-06
RND-048,YtmXIRR,0.22551281562398184,1e-06
RND-048,SellYTM,0.19839999999880933,1e-06
RND-048,MinHYTM,1.0,0.0
RND-048,MinHCY,1.0,0.0
RND-048,MinHMOIC,18.0,0.0
RND-048,MinHAll,18.0,0.0
RND-048,Net01,0.0,0.005
RND-048,Net02,6954.2210928666655,0.005
RND-048,Net12,6954.2210928666655,0.005
RND-048,Net23,6954.2210928666655,0.005
RND-048,Net24,6954.2210928666655,0.005
RND-048,Net25,6954.2210928666655,0.005
RND-048,Net36,0.0,0.005
RND-048,Net60,0.0,0.005
RND-048,Opt06_Bid,424381.1352953551,0.005
RND-048,Opt12_Bid,423387.49868785235,0.005
RND-048,Opt24_Bid,421670.8229646037,0.005
RND-048,Opt36_Bid,420260.79159518564,0.005
RND-048,Opt60_Bid,418151.3465434069,0.005
RND-049,PmtPull,264.5011533333333,0.005
RND-049,ExitVal,63660.67856680428,0.005
RND-049,BidNPV,35607.11006122678,0.005
RND-049,BidPct,0.8595842871661393,1e-09
RND-049,CY12,0.0668549167822575,1e-09
RND-049,MOIC,2.196422059124084,2.1964220591240842e-09
RND-049,ImpDPO,-0.03739067662210238,1e-09
RND-049,BidMwVx,10.895155090701428,1.0895155090701429e-08
RND-049,F12P12,0.8760798239383488,1e-09
RND-049,MTM,105.0,0.0
RND-049,MTA,360.0,0.0
RND-049,UseMTM,105.0,0.0
RND-049,BalAtExit,40856.25671895256,0.005
RND-049,YtmIRR,0.0998076332128669,1e-06
RND-049,YtmXIRR,0.10440559586490084,1e-06
RND-049,SellYTM,0.18179999999924729,1e-06
RND-049,MinHYTM,60.0,0.0
RND-049,MinHCY,1.0,0.0
RND-049,MinHMOIC,18.0,0.0
RND-049,MinHAll,,0.0
RND-049,Net01,0.0,0.005
RND-049,Net02,0.0,0.005
RND-049,Net12,264.5011533333333,0.005
RND-049,Net23,264.5011533333333,0.005
RND-049,Net24,264.5011533333333,0.005
RND-049,Net25,264.5011533333333,0.005
RND-049,Net36,264.5011533333333,0.005
RND-049,Net60,0.0,0.005
RND-049,Opt06_Bid,47765.68393941092,0.005
RND-049,Opt12_Bid,45915.535493226525,0.005
RND-049,Opt24_Bid,42640.38629636498,0.005
RND-049,Opt36_Bid,39854.96913363276,0.005
RND-049,Opt60_Bid,35449.64516591943,0.005
RND-050,PmtPull,993.2097825943408,0.005
RND-050,ExitVal,53473.87030884355,0.005
RND-050,BidNPV,58855.085864253684,0.005
RND-050,BidPct,0.9031153153933051,1e-09
RND-050,CY12,0.16875513271446577,1e-09
RND-050,MOIC,1.752344048506443,1.7523440485064431e-09
RND-050,ImpDPO,-0.10361941090342919,1e-09
RND-050,BidMwVx,0.6338429291400468,1e-09
RND-050,F12P12,3.3178769491143867,3.317876949114387e-09
RND-050,MTM,8.0,0.0
RND-050,MTA,152.0,0.0
RND-050,UseMTM,8.0,0.0
RND-050,BalAtExit,63216.203650366195,0.005
RND-050,YtmIRR,0.24631396034469552,1e-06
RND-050,YtmXIRR,0.27640430762514745,1e-06
RND-050,SellYTM,0.1752999999973774,1e-06
RND-050,MinHYTM,17.0,0.0
RND-050,MinHCY,1.0,0.0
RND-050,MinHMOIC,21.0,0.0
RND-050,MinHAll,21.0,0.0
RND-050,Net01,0.0,0.005
RND-050,Net02,0.0,0.005
RND-050,Net12,993.2097825943408,0.005
RND-050,Net23,993.2097825943408,0.005
RND-050,Net24,993.2097825943408,0.005
RND-050,Net25,993.2097825943408,0.005
RND-050,Net36,993.2097825943408,0.005
RND-050,Net60,0.0,0.005
RND-050,Opt06_Bid,65068.431552624716,0.005
RND-050,Opt12_Bid,65605.6212605347,0.005
RND-050,Opt24_Bid,63064.65804249779,0.005
RND-050,Opt36_Bid,61030.86667134578,0.005
RND-050,Opt60_Bid,58158.75687674822,0.005
RND-051,PmtPull,454.08,0.005
RND-051,ExitVal,66334.40672708873,0.005
RND-051,BidNPV,64553.46791435356,0.005
RND-051,BidPct,1.2796753845976903,1.2796753845976903e-09
RND-051,CY12,0.08441002747101702,1e-09
RND-051,MOIC,1.2737844980874433,1.2737844980874433e-09
RND-051,ImpDPO,-0.07083377714073524,1e-09
RND-051,BidMwVx,0.5983211012145828,1e-09
RND-051,F12P12,1.0054414915111625,1.0054414915111626e-09
RND-051,MTM,43.0,0.0
RND-051,MTA,360.0,0.0
RND-051,UseMTM,43.0,0.0
RND-051,BalAtExit,50801.12734962458,0.005
RND-051,YtmIRR,0.03241428705864496,1e-06
RND-051,YtmXIRR,0.03282353522861975,1e-06
RND-051,SellYTM,0.09039999999890753,1e-06
RND-051,MinHYTM,,0.0
RND-051,MinHCY,1.0,0.0
RND-051,MinHMOIC,40.0,0.0
RND-051,MinHAll,,0.0
RND-051,Net01,454.08,0.005
RND-051,Net02,454.08,0.005
RND-051,Net12,454.08,0.005
RND-051,Net23,454.08,0.005
RND-051,Net24,454.08,0.005
RND-051,Net25,454.08,0.005
RND-051,Net36,66334.40672708873,0.005
RND-051,Net60,0.0,0.005
RND-051,Opt06_Bid,56050.098906288724,0.005
RND-051,Opt12_Bid,57773.71939699367,0.005
RND-051,Opt24_Bid,61180.41936527454,0.005
RND-051,Opt36_Bid,64553.46791435356,0.005
RND-051,Opt60_Bid,71269.75386120284,0.005
RND-052,PmtPull,0.0,0.005
RND-052,ExitVal,48740.6,0.005
RND-052,BidNPV,28270.236313654677,0.005
RND-052,BidPct,0.9096873756480198,1e-09
RND-052,CY12,0.0,1e-09
RND-052,MOIC,1.724095952337619,1.724095952337619e-09
RND-052,ImpDPO,-0.028599774101222275,1e-09
RND-052,BidMwVx,13.83740635901317,1.3837406359013171e-08
RND-052,F12P12,0.0,1e-09
RND-052,MTM,112.0,0.0
RND-052,MTA,150.0,0.0
RND-052,UseMTM,112.0,0.0
RND-052,BalAtExit,11503.721524603054,0.005
RND-052,YtmIRR,0.10891089645770011,1e-06
RND-052,YtmXIRR,0.11437598086926101,1e-06
RND-052,SellYTM,0.11129999999879986,1e-06
RND-052,MinHYTM,55.0,0.0
RND-052,MinHCY,1.0,0.0
RND-052,MinHMOIC,29.0,0.0
RND-052,MinHAll,,0.0
RND-052,Net01,0.0,0.005
RND-052,Net02,0.0,0.005
RND-052,Net12,0.0,0.005
RND-052,Net23,0.0,0.005
RND-052,Net24,0.0,0.005
RND-052,Net25,0.0,0.005
RND-052,Net36,0.0,0.005
RND-052,Net60,0.0,0.005
RND-052,Opt06_Bid,46114.104168087484,0.005
RND-052,Opt12_Bid,43629.14291627972,0.005
RND-052,Opt24_Bid,39053.72752098171,0.005
RND-052,Opt36_Bid,34958.13878832754,0.005
RND-052,Opt60_Bid,28010.439487408963,0.005
RND-053,PmtPull,1255.3,0.005
RND-053,ExitVal,191061.89158116915,0.005
RND-053,BidNPV,118475.80280561598,0.005
RND-053,BidPct,0.4944792854571945,1e-09
RND-053,CY12,-0.10290455697525852,1e-09
RND-053,MOIC,1.756147556328748,1.7561475563287481e-09
RND-053,ImpDPO,0.12080088295405567,1e-09
RND-053,BidMwVx,0.21292615144886748,1e-09
RND-053,F12P12,-1.6286936064989044,1.6286936064989045e-09
RND-053,MTM,73.0,0.0
RND-053,MTA,360.0,0.0
RND-053,UseMTM,73.0,0.0
RND-053,BalAtExit,231100.26635829304,0.005
RND-053,YtmIRR,0.17906742228319605,1e-06
RND-053,YtmXIRR,0.1942605510130826,1e-06
RND-053,SellYTM,0.1377999999979231,1e-06
RND-053,MinHYTM,1.0,0.0
RND-053,MinHCY,1.0,0.0
RND-053,MinHMOIC,23.0,0.0
RND-053,MinHAll,,0.0
RND-053,Net01,0.0,0.005
RND-053,Net02,1255.3,0.005
RND-053,Net12,255.29999999999995,0.005
RND-053,Net23,255.29999999999995,0.005
RND-053,Net24,255.29999999999995,0.005
RND-053,Net25,255.29999999999995,0.005
RND-053,Net36,1255.3,0.005
RND-053,Net60,0.0,0.005
RND-053,Opt06_Bid,147197.90528051896,0.005
RND-053,Opt12_Bid,143817.45553927746,0.005
RND-053,Opt24_Bid,129493.15015096005,0.005
RND-053,Opt36_Bid,122432.34458907702,0.005
RND-053,Opt60_Bid,115477.90185579003,0.005
RND-054,PmtPull,170.04,0.005
RND-054,ExitVal,20221.46015,0.005
RND-054,BidNPV,18198.41752610111,0.005
RND-054,BidPct,0.6034010083011694,1e-09
RND-054,CY12,0.11212403479991806,1e-09
RND-054,MOIC,1.5035999756986764,1.5035999756986765e-09
RND-054,ImpDPO,0.48081945941460713,1e-09
RND-054,BidMwVx,0.37348159911844747,1e-09
RND-054,F12P12,6.203763947584444,6.2037639475844445e-09
RND-054,MTM,7.0,0.0
RND-054,MTA,360.0,0.0
RND-054,UseMTM,7.0,0.0
RND-054,BalAtExit,30204.61876222595,0.005
RND-054,YtmIRR,1.0063049791407583,1e-06
RND-054,YtmXIRR,1.6037648106233213,1e-06
RND-054,SellYTM,0.13440000000023175,1e-06
RND-054,MinHYTM,1.0,0.0
RND-054,MinHCY,1.0,0.0
RND-054,MinHMOIC,27.0,0.0
RND-054,MinHAll,27.0,0.0
RND-054,Net01,170.04,0.005
RND-054,Net02,170.04,0.005
RND-054,Net12,170.04,0.005
RND-054,Net23,170.04,0.005
RND-054,Net24,170.04,0.005
RND-054,Net25,170.04,0.005
RND-054,Net36,170.04,0.005
RND-054,Net60,0.0,0.005
RND-054,Opt06_Bid,19736.65790793515,0.005
RND-054,Opt12_Bid,19442.242683111446,0.005
RND-054,Opt24_Bid,18909.27718030823,0.005
RND-054,Opt36_Bid,18442.98904160027,0.005
RND-054,Opt60_Bid,17678.121419399402,0.005
RND-055,PmtPull,13983.79,0.005
RND-055,ExitVal,794427.5392794741,0.005
RND-055,BidNPV,837338.4143089048,0.005
RND-055,BidPct,0.7382812871040015,1e-09
RND-055,CY12,0.11690199365902786,1e-09
RND-055,MOIC,1.5165629303267583,1.5165629303267583e-09
RND-055,ImpDPO,0.11526085989248736,1e-09
RND-055,BidMwVx,0.34715345662451047,1e-09
RND-055,F12P12,1.141487020008042,1.1414870200080422e-09
RND-055,MTM,77.0,0.0
RND-055,MTA,141.0,0.0
RND-055,UseMTM,77.0,0.0
RND-055,BalAtExit,686482.2986714416,0.005
RND-055,YtmIRR,0.1856103506965603,1e-06
RND-055,YtmXIRR,0.2019372148367245,1e-06
RND-055,SellYTM,0.15370000000034384,1e-06
RND-055,MinHYTM,1.0,0.0
RND-055,MinHCY,1.0,0.0
RND-055,MinHMOIC,23.0,0.0
RND-055,MinHAll,23.0,0.0
RND-055,Net01,0.0,0.005
RND-055,Net02,0.0,0.005
RND-055,Net12,13983.79,0.005
RND-055,Net23,13983.79,0.005
RND-055,Net24,13983.79,0.005
RND-055,Net25,13983.79,0.005
RND-055,Net36,13983.79,0.005
RND-055,Net60,0.0,0.005
RND-055,Opt06_Bid,921582.5649177434,0.005
RND-055,Opt12_Bid,902471.1240389348,0.005
RND-055,Opt24_Bid,870106.4220561329,0.005
RND-055,Opt36_Bid,844538.6821606589,0.005
RND-055,Opt60_Bid,809703.47601611,0.005
RND-056,PmtPull,8949.75,0.005
RND-056,ExitVal,1005769.5917594299,0.005
RND-056,BidNPV,983339.851790709,0.005
RND-056,BidPct,0.9837189180385859,1e-09
RND-056,CY12,1.0410125145393827,1.0410125145393829e-09
RND-056,MOIC,1.0410125145393827,1.0410125145393829e-09
RND-056,ImpDPO,-0.004143913621070583,1e-09
RND-056,BidMwVx,0.42859269965432545,1e-09
RND-056,F12P12,18.224967584312022,1.8224967584312022e-08
RND-056,MTM,9.0,0.0
RND-056,MTA,327.0,0.0
RND-056,UseMTM,9.0,0.0
RND-056,BalAtExit,991677.361120132,0.005
RND-056,YtmIRR,0.10255441876802181,1e-06
RND-056,YtmXIRR,0.10738982401492136,1e-06
RND-056,SellYTM,0.12199999999825131,1e-06
RND-056,MinHYTM,3.0,0.0
RND-056,MinHCY,1.0,0.0
RND-056,MinHMOIC,29.0,0.0
RND-056,MinHAll,29.0,0.0
RND-056,Net01,0.0,0.005
RND-056,Net02,8949.75,0.005
RND-056,Net12,0.0,0.005
RND-056,Net23,0.0,0.005
RND-056,Net24,0.0,0.005
RND-056,Net25,0.0,0.005
RND-056,Net36,0.0,0.005
RND-056,Net60,0.0,0.005
RND-056,Opt06_Bid,980202.3276115847,0.005
RND-056,Opt12_Bid,976092.6986799258,0.005
RND-056,Opt24_Bid,939972.2757132225,0.005
RND-056,Opt36_Bid,908970.0732821911,0.005
RND-056,Opt60_Bid,859891.2254520699,0.005
RND-057,PmtPull,600.24,0.005
RND-057,ExitVal,57685.18368893565,0.005
RND-057,BidNPV,55237.37662985614,0.005
RND-057,BidPct,1.2355746216008596,1.2355746216008596e-09
RND-057,CY12,0.11953210675163077,1e-09
RND-057,MOIC,1.1656611449960408,1.1656611449960408e-09
RND-057,ImpDPO,-0.25853286905586925,1e-09
RND-057,BidMwVx,0.8223993976405983,1e-09
RND-057,F12P12,1.5594699922057675,1.5594699922057676e-09
RND-057,MTM,112.0,0.0
RND-057,MTA,133.0,0.0
RND-057,UseMTM,112.0,0.0
RND-057,BalAtExit,11651.51230013027,0.005
RND-057,YtmIRR,0.07394376466067953,1e-06
RND-057,YtmXIRR,0.07641087020105156,1e-06
RND-057,SellYTM,0.13969999999858304,1e-06
RND-057,MinHYTM,,0.0
RND-057,MinHCY,1.0,0.0
RND-057,MinHMOIC,25.0,0.0
RND-057,MinHAll,,0.0
RND-057,Net01,0.0,0.005
RND-057,Net02,600.24,0.005
RND-057,Net12,600.24,0.005
RND-057,Net23,0.0,0.005
RND-057,Net24,0.0,0.005
RND-057,Net25,0.0,0.005
RND-057,Net36,0.0,0.005
RND-057,Net60,0.0,0.005
RND-057,Opt06_Bid,56120.91763901077,0.005
RND-057,Opt12_Bid,55775.09402980493,0.005
RND-057,Opt24_Bid,52727.82264871012,0.005
RND-057,Opt36_Bid,50746.55192950307,0.005
RND-057,Opt60_Bid,49863.10353174305,0.005
RND-058,PmtPull,327.76765651666665,0.005
RND-058,ExitVal,34652.56496072128,0.005
RND-058,BidNPV,9584.078569048219,0.005
RND-058,BidPct,0.2642850661975228,1e-09
RND-058,CY12,1.314938497068562,1.314938497068562e-09
RND-058,MOIC,1.314938497068562,1.314938497068562e-09
RND-058,ImpDPO,0.05300000000000005,1e-09
RND-058,BidMwVx,0.12759434927080132,1e-09
RND-058,F12P12,4.347344628244356,4.347344628244356e-09
RND-058,MTM,110.0,0.0
RND-058,MTA,205.0,0.0
RND-058,UseMTM,110.0,0.0
RND-058,BalAtExit,24807.306014987786,0.005
RND-058,YtmIRR,0.49632282587840487,1e-06
RND-058,YtmXIRR,0.6250460949627734,1e-06
RND-058,SellYTM,0.21949999999683242,1e-06
RND-058,MinHYTM,1.0,0.0
RND-058,MinHCY,1.0,0.0
RND-058,MinHMOIC,10.0,0.0
RND-058,MinHAll,10.0,0.0
RND-058,Net01,327.76765651666665,0.005
RND-058,Net02,327.76765651666665,0.005
RND-058,Net12,0.0,0.005
RND-058,Net23,0.0,0.005
RND-058,Net24,0.0,0.005
RND-058,Net25,0.0,0.005
RND-058,Net36,0.0,0.005
RND-058,Net60,0.0,0.005
RND-058,Opt06_Bid,10613.248807400043,0.005
RND-058,Opt12_Bid,9096.808976300756,0.005
RND-058,Opt24_Bid,6516.645161964758,0.005
RND-058,Opt36_Bid,4440.8666873994935,0.005
RND-058,Opt60_Bid,1427.340037990105,0.005
RND-059,PmtPull,1610.4560133333332,0.005
RND-059,ExitVal,1585838.487658395,0.005
RND-059,BidNPV,1075101.4551320046,0.005
RND-059,BidPct,0.8440493316152712,1e-09
RND-059,CY12,0.013481615200883866,1e-09
RND-059,MOIC,1.5334797142247087,1.5334797142247089e-09
RND-059,ImpDPO,0.0,1e-09
RND-059,BidMwVx,0.464839344126973,1e-09
RND-059,F12P12,0.7136201868279085,1e-09
RND-059,MTM,39.0,0.0
RND-059,MTA,360.0,0.0
RND-059,UseMTM,39.0,0.0
RND-059,BalAtExit,1276175.3603971237,0.005
RND-059,YtmIRR,0.10738836513632961,1e-06
RND-059,YtmXIRR,0.11265349777738981,1e-06
RND-059,SellYTM,0.12240000000187976,1e-06
RND-059,MinHYTM,39.0,0.0
RND-059,MinHCY,1.0,0.0
RND-059,MinHMOIC,27.0,0.0
RND-059,MinHAll,,0.0
RND-059,Net01,0.0,0.005
RND-059,Net02,0.0,0.005
RND-059,Net12,1610.4560133333332,0.005
RND-059,Net23,1610.4560133333332,0.005
RND-059,Net24,1610.4560133333332,0.005
RND-059,Net25,1610.4560133333332,0.005
RND-059,Net36,1610.4560133333332,0.005
RND-059,Net60,0.0,0.005
RND-059,Opt06_Bid,1186801.604689715,0.005
RND-059,Opt12_Bid,1171498.1271265468,0.005
RND-059,Opt24_Bid,1141802.2099140512,0.005
RND-059,Opt36_Bid,1113254.4861531253,0.005
RND-059,Opt60_Bid,1015403.9070950919,0.005
