case_id,name,value
BASE-PIF,LoanNo,000005100324610
BASE-PIF,UPB,1000000.0
BASE-PIF,IntBal,40000.0
BASE-PIF,CRate,0.0725
BASE-PIF,DRate,0.1225
BASE-PIF,CPmt,7500.0
BASE-PIF,MatDt,2031-06-01
BASE-PIF,T3,22000.0
BASE-PIF,T6,44000.0
BASE-PIF,T12,88000.0
BASE-PIF,T24,176000.0
BASE-PIF,PmtSel,Current PMT
BASE-PIF,UserPmt,0.0
BASE-PIF,TermMonths,0
BASE-PIF,MTrailSel,12M
BASE-PIF,TrailPct,1.0
BASE-PIF,RateSel,Contractual
BASE-PIF,UserRate,0.0
BASE-PIF,LegalInit,0.0
BASE-PIF,LegalStartM,0
BASE-PIF,HoldCost,0.0
BASE-PIF,LegalEndM,0
BASE-PIF,AddBack,No
BASE-PIF,ExitType,PIF
BASE-PIF,DPOPct,0.25
BASE-PIF,UserExit,0.0
BASE-PIF,ValCapPct,1.0
BASE-PIF,YTMTgt,0.15
BASE-PIF,AddAccrued,No
BASE-PIF,LiqAcrM,0
BASE-PIF,StartMonth,1
BASE-PIF,ExitMonth,24
BASE-PIF,BidOverride,
BASE-PIF,Yield,0.15
BASE-PIF,CutoffDt,2026-07-01
BASE-PIF,AnchorDt,2026-07-31
BASE-PIF,MinMonthsJ2,0
BASE-PIF,HurdleYTM,0.1
BASE-PIF,HurdleCY,0.09
BASE-PIF,HurdleMOIC,1.3
BASE-PIF,RelColl,2500000.0
EXIT-UserEnter-24,LoanNo,000005100324610
EXIT-UserEnter-24,UPB,1000000.0
EXIT-UserEnter-24,IntBal,40000.0
EXIT-UserEnter-24,CRate,0.0725
EXIT-UserEnter-24,DRate,0.1225
EXIT-UserEnter-24,CPmt,7500.0
EXIT-UserEnter-24,MatDt,2031-06-01
EXIT-UserEnter-24,T3,22000.0
EXIT-UserEnter-24,T6,44000.0
EXIT-UserEnter-24,T12,88000.0
EXIT-UserEnter-24,T24,176000.0
EXIT-UserEnter-24,PmtSel,Current PMT
EXIT-UserEnter-24,UserPmt,0.0
EXIT-UserEnter-24,TermMonths,0
EXIT-UserEnter-24,MTrailSel,12M
EXIT-UserEnter-24,TrailPct,1.0
EXIT-UserEnter-24,RateSel,Contractual
EXIT-UserEnter-24,UserRate,0.0
EXIT-UserEnter-24,LegalInit,0.0
EXIT-UserEnter-24,LegalStartM,0
EXIT-UserEnter-24,HoldCost,0.0
EXIT-UserEnter-24,LegalEndM,0
EXIT-UserEnter-24,AddBack,No
EXIT-UserEnter-24,ExitType,User Enter
EXIT-UserEnter-24,DPOPct,0.25
EXIT-UserEnter-24,UserExit,750000
EXIT-UserEnter-24,ValCapPct,0.6
EXIT-UserEnter-24,YTMTgt,0.12
EXIT-UserEnter-24,AddAccrued,No
EXIT-UserEnter-24,LiqAcrM,18
EXIT-UserEnter-24,StartMonth,1
EXIT-UserEnter-24,ExitMonth,24
EXIT-UserEnter-24,BidOverride,
EXIT-UserEnter-24,Yield,0.15
EXIT-UserEnter-24,CutoffDt,2026-07-01
EXIT-UserEnter-24,AnchorDt,2026-07-31
EXIT-UserEnter-24,MinMonthsJ2,0
EXIT-UserEnter-24,HurdleYTM,0.1
EXIT-UserEnter-24,HurdleCY,0.09
EXIT-UserEnter-24,HurdleMOIC,1.3
EXIT-UserEnter-24,RelColl,2500000.0
EXIT-DPO-24,LoanNo,000005100324610
EXIT-DPO-24,UPB,1000000.0
EXIT-DPO-24,IntBal,40000.0
EXIT-DPO-24,CRate,0.0725
EXIT-DPO-24,DRate,0.1225
EXIT-DPO-24,CPmt,7500.0
EXIT-DPO-24,MatDt,2031-06-01
EXIT-DPO-24,T3,22000.0
EXIT-DPO-24,T6,44000.0
EXIT-DPO-24,T12,88000.0
EXIT-DPO-24,T24,176000.0
EXIT-DPO-24,PmtSel,Current PMT
EXIT-DPO-24,UserPmt,0.0
EXIT-DPO-24,TermMonths,0
EXIT-DPO-24,MTrailSel,12M
EXIT-DPO-24,TrailPct,1.0
EXIT-DPO-24,RateSel,Contractual
EXIT-DPO-24,UserRate,0.0
EXIT-DPO-24,LegalInit,0.0
EXIT-DPO-24,LegalStartM,0
EXIT-DPO-24,HoldCost,0.0
EXIT-DPO-24,LegalEndM,0
EXIT-DPO-24,AddBack,No
EXIT-DPO-24,ExitType,DPO
EXIT-DPO-24,DPOPct,0.25
EXIT-DPO-24,UserExit,750000
EXIT-DPO-24,ValCapPct,0.6
EXIT-DPO-24,YTMTgt,0.12
EXIT-DPO-24,AddAccrued,No
EXIT-DPO-24,LiqAcrM,18
EXIT-DPO-24,StartMonth,1
EXIT-DPO-24,ExitMonth,24
EXIT-DPO-24,BidOverride,
EXIT-DPO-24,Yield,0.15
EXIT-DPO-24,CutoffDt,2026-07-01
EXIT-DPO-24,AnchorDt,2026-07-31
EXIT-DPO-24,MinMonthsJ2,0
EXIT-DPO-24,HurdleYTM,0.1
EXIT-DPO-24,HurdleCY,0.09
EXIT-DPO-24,HurdleMOIC,1.3
EXIT-DPO-24,RelColl,2500000.0
EXIT-YTMSellSolve-24,LoanNo,000005100324610
EXIT-YTMSellSolve-24,UPB,1000000.0
EXIT-YTMSellSolve-24,IntBal,40000.0
EXIT-YTMSellSolve-24,CRate,0.0725
EXIT-YTMSellSolve-24,DRate,0.1225
EXIT-YTMSellSolve-24,CPmt,7500.0
EXIT-YTMSellSolve-24,MatDt,2031-06-01
EXIT-YTMSellSolve-24,T3,22000.0
EXIT-YTMSellSolve-24,T6,44000.0
EXIT-YTMSellSolve-24,T12,88000.0
EXIT-YTMSellSolve-24,T24,176000.0
EXIT-YTMSellSolve-24,PmtSel,Current PMT
EXIT-YTMSellSolve-24,UserPmt,0.0
EXIT-YTMSellSolve-24,TermMonths,0
EXIT-YTMSellSolve-24,MTrailSel,12M
EXIT-YTMSellSolve-24,TrailPct,1.0
EXIT-YTMSellSolve-24,RateSel,Contractual
EXIT-YTMSellSolve-24,UserRate,0.0
EXIT-YTMSellSolve-24,LegalInit,0.0
EXIT-YTMSellSolve-24,LegalStartM,0
EXIT-YTMSellSolve-24,HoldCost,0.0
EXIT-YTMSellSolve-24,LegalEndM,0
EXIT-YTMSellSolve-24,AddBack,No
EXIT-YTMSellSolve-24,ExitType,YTM Sell Solve
EXIT-YTMSellSolve-24,DPOPct,0.25
EXIT-YTMSellSolve-24,UserExit,750000
EXIT-YTMSellSolve-24,ValCapPct,0.6
EXIT-YTMSellSolve-24,YTMTgt,0.12
EXIT-YTMSellSolve-24,AddAccrued,No
EXIT-YTMSellSolve-24,LiqAcrM,18
EXIT-YTMSellSolve-24,StartMonth,1
EXIT-YTMSellSolve-24,ExitMonth,24
EXIT-YTMSellSolve-24,BidOverride,
EXIT-YTMSellSolve-24,Yield,0.15
EXIT-YTMSellSolve-24,CutoffDt,2026-07-01
EXIT-YTMSellSolve-24,AnchorDt,2026-07-31
EXIT-YTMSellSolve-24,MinMonthsJ2,0
EXIT-YTMSellSolve-24,HurdleYTM,0.1
EXIT-YTMSellSolve-24,HurdleCY,0.09
EXIT-YTMSellSolve-24,HurdleMOIC,1.3
EXIT-YTMSellSolve-24,RelColl,2500000.0
EXIT-ValueCap-24,LoanNo,000005100324610
EXIT-ValueCap-24,UPB,1000000.0
EXIT-ValueCap-24,IntBal,40000.0
EXIT-ValueCap-24,CRate,0.0725
EXIT-ValueCap-24,DRate,0.1225
EXIT-ValueCap-24,CPmt,7500.0
EXIT-ValueCap-24,MatDt,2031-06-01
EXIT-ValueCap-24,T3,22000.0
EXIT-ValueCap-24,T6,44000.0
EXIT-ValueCap-24,T12,88000.0
EXIT-ValueCap-24,T24,176000.0
EXIT-ValueCap-24,PmtSel,Current PMT
EXIT-ValueCap-24,UserPmt,0.0
EXIT-ValueCap-24,TermMonths,0
EXIT-ValueCap-24,MTrailSel,12M
EXIT-ValueCap-24,TrailPct,1.0
EXIT-ValueCap-24,RateSel,Contractual
EXIT-ValueCap-24,UserRate,0.0
EXIT-ValueCap-24,LegalInit,0.0
EXIT-ValueCap-24,LegalStartM,0
EXIT-ValueCap-24,HoldCost,0.0
EXIT-ValueCap-24,LegalEndM,0
EXIT-ValueCap-24,AddBack,No
EXIT-ValueCap-24,ExitType,Value Cap
EXIT-ValueCap-24,DPOPct,0.25
EXIT-ValueCap-24,UserExit,750000
EXIT-ValueCap-24,ValCapPct,0.6
EXIT-ValueCap-24,YTMTgt,0.12
EXIT-ValueCap-24,AddAccrued,No
EXIT-ValueCap-24,LiqAcrM,18
EXIT-ValueCap-24,StartMonth,1
EXIT-ValueCap-24,ExitMonth,24
EXIT-ValueCap-24,BidOverride,
EXIT-ValueCap-24,Yield,0.15
EXIT-ValueCap-24,CutoffDt,2026-07-01
EXIT-ValueCap-24,AnchorDt,2026-07-31
EXIT-ValueCap-24,MinMonthsJ2,0
EXIT-ValueCap-24,HurdleYTM,0.1
EXIT-ValueCap-24,HurdleCY,0.09
EXIT-ValueCap-24,HurdleMOIC,1.3
EXIT-ValueCap-24,RelColl,2500000.0
EXIT-Liquidation-24,LoanNo,000005100324610
EXIT-Liquidation-24,UPB,1000000.0
EXIT-Liquidation-24,IntBal,40000.0
EXIT-Liquidation-24,CRate,0.0725
EXIT-Liquidation-24,DRate,0.1225
EXIT-Liquidation-24,CPmt,7500.0
EXIT-Liquidation-24,MatDt,2031-06-01
EXIT-Liquidation-24,T3,22000.0
EXIT-Liquidation-24,T6,44000.0
EXIT-Liquidation-24,T12,88000.0
EXIT-Liquidation-24,T24,176000.0
EXIT-Liquidation-24,PmtSel,Current PMT
EXIT-Liquidation-24,UserPmt,0.0
EXIT-Liquidation-24,TermMonths,0
EXIT-Liquidation-24,MTrailSel,12M
EXIT-Liquidation-24,TrailPct,1.0
EXIT-Liquidation-24,RateSel,Contractual
EXIT-Liquidation-24,UserRate,0.0
EXIT-Liquidation-24,LegalInit,0.0
EXIT-Liquidation-24,LegalStartM,0
EXIT-Liquidation-24,HoldCost,0.0
EXIT-Liquidation-24,LegalEndM,0
EXIT-Liquidation-24,AddBack,No
EXIT-Liquidation-24,ExitType,Liquidation
EXIT-Liquidation-24,DPOPct,0.25
EXIT-Liquidation-24,UserExit,750000
EXIT-Liquidation-24,ValCapPct,0.6
EXIT-Liquidation-24,YTMTgt,0.12
EXIT-Liquidation-24,AddAccrued,No
EXIT-Liquidation-24,LiqAcrM,18
EXIT-Liquidation-24,StartMonth,1
EXIT-Liquidation-24,ExitMonth,24
EXIT-Liquidation-24,BidOverride,
EXIT-Liquidation-24,Yield,0.15
EXIT-Liquidation-24,CutoffDt,2026-07-01
EXIT-Liquidation-24,AnchorDt,2026-07-31
EXIT-Liquidation-24,MinMonthsJ2,0
EXIT-Liquidation-24,HurdleYTM,0.1
EXIT-Liquidation-24,HurdleCY,0.09
EXIT-Liquidation-24,HurdleMOIC,1.3
EXIT-Liquidation-24,RelColl,2500000.0
EXIT-IRRSolve-24,LoanNo,000005100324610
EXIT-IRRSolve-24,UPB,1000000.0
EXIT-IRRSolve-24,IntBal,40000.0
EXIT-IRRSolve-24,CRate,0.0725
EXIT-IRRSolve-24,DRate,0.1225
EXIT-IRRSolve-24,CPmt,7500.0
EXIT-IRRSolve-24,MatDt,2031-06-01
EXIT-IRRSolve-24,T3,22000.0
EXIT-IRRSolve-24,T6,44000.0
EXIT-IRRSolve-24,T12,88000.0
EXIT-IRRSolve-24,T24,176000.0
EXIT-IRRSolve-24,PmtSel,Current PMT
EXIT-IRRSolve-24,UserPmt,0.0
EXIT-IRRSolve-24,TermMonths,0
EXIT-IRRSolve-24,MTrailSel,12M
EXIT-IRRSolve-24,TrailPct,1.0
EXIT-IRRSolve-24,RateSel,Contractual
EXIT-IRRSolve-24,UserRate,0.0
EXIT-IRRSolve-24,LegalInit,0.0
EXIT-IRRSolve-24,LegalStartM,0
EXIT-IRRSolve-24,HoldCost,0.0
EXIT-IRRSolve-24,LegalEndM,0
EXIT-IRRSolve-24,AddBack,No
EXIT-IRRSolve-24,ExitType,IRR Solve
EXIT-IRRSolve-24,DPOPct,0.25
EXIT-IRRSolve-24,UserExit,750000
EXIT-IRRSolve-24,ValCapPct,0.6
EXIT-IRRSolve-24,YTMTgt,0.12
EXIT-IRRSolve-24,AddAccrued,No
EXIT-IRRSolve-24,LiqAcrM,18
EXIT-IRRSolve-24,StartMonth,1
EXIT-IRRSolve-24,ExitMonth,24
EXIT-IRRSolve-24,BidOverride,
EXIT-IRRSolve-24,Yield,0.15
EXIT-IRRSolve-24,CutoffDt,2026-07-01
EXIT-IRRSolve-24,AnchorDt,2026-07-31
EXIT-IRRSolve-24,MinMonthsJ2,0
EXIT-IRRSolve-24,HurdleYTM,0.1
EXIT-IRRSolve-24,HurdleCY,0.09
EXIT-IRRSolve-24,HurdleMOIC,1.3
EXIT-IRRSolve-24,RelColl,2500000.0
EXIT-PIF-1,LoanNo,000005100324610
EXIT-PIF-1,UPB,1000000.0
EXIT-PIF-1,IntBal,40000.0
EXIT-PIF-1,CRate,0.0725
EXIT-PIF-1,DRate,0.1225
EXIT-PIF-1,CPmt,7500.0
EXIT-PIF-1,MatDt,2031-06-01
EXIT-PIF-1,T3,22000.0
EXIT-PIF-1,T6,44000.0
EXIT-PIF-1,T12,88000.0
EXIT-PIF-1,T24,176000.0
EXIT-PIF-1,PmtSel,Current PMT
EXIT-PIF-1,UserPmt,0.0
EXIT-PIF-1,TermMonths,0
EXIT-PIF-1,MTrailSel,12M
EXIT-PIF-1,TrailPct,1.0
EXIT-PIF-1,RateSel,Contractual
EXIT-PIF-1,UserRate,0.0
EXIT-PIF-1,LegalInit,0.0
EXIT-PIF-1,LegalStartM,0
EXIT-PIF-1,HoldCost,0.0
EXIT-PIF-1,LegalEndM,0
EXIT-PIF-1,AddBack,No
EXIT-PIF-1,ExitType,PIF
EXIT-PIF-1,DPOPct,0.25
EXIT-PIF-1,UserExit,0.0
EXIT-PIF-1,ValCapPct,1.0
EXIT-PIF-1,YTMTgt,0.15
EXIT-PIF-1,AddAccrued,No
EXIT-PIF-1,LiqAcrM,0
EXIT-PIF-1,StartMonth,1
EXIT-PIF-1,ExitMonth,1
EXIT-PIF-1,BidOverride,
EXIT-PIF-1,Yield,0.15
EXIT-PIF-1,CutoffDt,2026-07-01
EXIT-PIF-1,AnchorDt,2026-07-31
EXIT-PIF-1,MinMonthsJ2,0
EXIT-PIF-1,HurdleYTM,0.1
EXIT-PIF-1,HurdleCY,0.09
EXIT-PIF-1,HurdleMOIC,1.3
EXIT-PIF-1,RelColl,2500000.0
EXIT-DPO-1,LoanNo,000005100324610
EXIT-DPO-1,UPB,1000000.0
EXIT-DPO-1,IntBal,40000.0
EXIT-DPO-1,CRate,0.0725
EXIT-DPO-1,DRate,0.1225
EXIT-DPO-1,CPmt,7500.0
EXIT-DPO-1,MatDt,2031-06-01
EXIT-DPO-1,T3,22000.0
EXIT-DPO-1,T6,44000.0
EXIT-DPO-1,T12,88000.0
EXIT-DPO-1,T24,176000.0
EXIT-DPO-1,PmtSel,Current PMT
EXIT-DPO-1,UserPmt,0.0
EXIT-DPO-1,TermMonths,0
EXIT-DPO-1,MTrailSel,12M
EXIT-DPO-1,TrailPct,1.0
EXIT-DPO-1,RateSel,Contractual
EXIT-DPO-1,UserRate,0.0
EXIT-DPO-1,LegalInit,0.0
EXIT-DPO-1,LegalStartM,0
EXIT-DPO-1,HoldCost,0.0
EXIT-DPO-1,LegalEndM,0
EXIT-DPO-1,AddBack,No
EXIT-DPO-1,ExitType,DPO
EXIT-DPO-1,DPOPct,0.3
EXIT-DPO-1,UserExit,0.0
EXIT-DPO-1,ValCapPct,1.0
EXIT-DPO-1,YTMTgt,0.15
EXIT-DPO-1,AddAccrued,No
EXIT-DPO-1,LiqAcrM,0
EXIT-DPO-1,StartMonth,1
EXIT-DPO-1,ExitMonth,1
EXIT-DPO-1,BidOverride,
EXIT-DPO-1,Yield,0.15
EXIT-DPO-1,CutoffDt,2026-07-01
EXIT-DPO-1,AnchorDt,2026-07-31
EXIT-DPO-1,MinMonthsJ2,0
EXIT-DPO-1,HurdleYTM,0.1
EXIT-DPO-1,HurdleCY,0.09
EXIT-DPO-1,HurdleMOIC,1.3
EXIT-DPO-1,RelColl,2500000.0
EXIT-PIF-12,LoanNo,000005100324610
EXIT-PIF-12,UPB,1000000.0
EXIT-PIF-12,IntBal,40000.0
EXIT-PIF-12,CRate,0.0725
EXIT-PIF-12,DRate,0.1225
EXIT-PIF-12,CPmt,7500.0
EXIT-PIF-12,MatDt,2031-06-01
EXIT-PIF-12,T3,22000.0
EXIT-PIF-12,T6,44000.0
EXIT-PIF-12,T12,88000.0
EXIT-PIF-12,T24,176000.0
EXIT-PIF-12,PmtSel,Current PMT
EXIT-PIF-12,UserPmt,0.0
EXIT-PIF-12,TermMonths,0
EXIT-PIF-12,MTrailSel,12M
EXIT-PIF-12,TrailPct,1.0
EXIT-PIF-12,RateSel,Contractual
EXIT-PIF-12,UserRate,0.0
EXIT-PIF-12,LegalInit,0.0
EXIT-PIF-12,LegalStartM,0
EXIT-PIF-12,HoldCost,0.0
EXIT-PIF-12,LegalEndM,0
EXIT-PIF-12,AddBack,No
EXIT-PIF-12,ExitType,PIF
EXIT-PIF-12,DPOPct,0.25
EXIT-PIF-12,UserExit,0.0
EXIT-PIF-12,ValCapPct,1.0
EXIT-PIF-12,YTMTgt,0.15
EXIT-PIF-12,AddAccrued,No
EXIT-PIF-12,LiqAcrM,0
EXIT-PIF-12,StartMonth,1
EXIT-PIF-12,ExitMonth,12
EXIT-PIF-12,BidOverride,
EXIT-PIF-12,Yield,0.15
EXIT-PIF-12,CutoffDt,2026-07-01
EXIT-PIF-12,AnchorDt,2026-07-31
EXIT-PIF-12,MinMonthsJ2,0
EXIT-PIF-12,HurdleYTM,0.1
EXIT-PIF-12,HurdleCY,0.09
EXIT-PIF-12,HurdleMOIC,1.3
EXIT-PIF-12,RelColl,2500000.0
EXIT-DPO-12,LoanNo,000005100324610
EXIT-DPO-12,UPB,1000000.0
EXIT-DPO-12,IntBal,40000.0
EXIT-DPO-12,CRate,0.0725
EXIT-DPO-12,DRate,0.1225
EXIT-DPO-12,CPmt,7500.0
EXIT-DPO-12,MatDt,2031-06-01
EXIT-DPO-12,T3,22000.0
EXIT-DPO-12,T6,44000.0
EXIT-DPO-12,T12,88000.0
EXIT-DPO-12,T24,176000.0
EXIT-DPO-12,PmtSel,Current PMT
EXIT-DPO-12,UserPmt,0.0
EXIT-DPO-12,TermMonths,0
EXIT-DPO-12,MTrailSel,12M
EXIT-DPO-12,TrailPct,1.0
EXIT-DPO-12,RateSel,Contractual
EXIT-DPO-12,UserRate,0.0
EXIT-DPO-12,LegalInit,0.0
EXIT-DPO-12,LegalStartM,0
EXIT-DPO-12,HoldCost,0.0
EXIT-DPO-12,LegalEndM,0
EXIT-DPO-12,AddBack,No
EXIT-DPO-12,ExitType,DPO
EXIT-DPO-12,DPOPct,0.3
EXIT-DPO-12,UserExit,0.0
EXIT-DPO-12,ValCapPct,1.0
EXIT-DPO-12,YTMTgt,0.15
EXIT-DPO-12,AddAccrued,No
EXIT-DPO-12,LiqAcrM,0
EXIT-DPO-12,StartMonth,1
EXIT-DPO-12,ExitMonth,12
EXIT-DPO-12,BidOverride,
EXIT-DPO-12,Yield,0.15
EXIT-DPO-12,CutoffDt,2026-07-01
EXIT-DPO-12,AnchorDt,2026-07-31
EXIT-DPO-12,MinMonthsJ2,0
EXIT-DPO-12,HurdleYTM,0.1
EXIT-DPO-12,HurdleCY,0.09
EXIT-DPO-12,HurdleMOIC,1.3
EXIT-DPO-12,RelColl,2500000.0
EXIT-PIF-60,LoanNo,000005100324610
EXIT-PIF-60,UPB,1000000.0
EXIT-PIF-60,IntBal,40000.0
EXIT-PIF-60,CRate,0.0725
EXIT-PIF-60,DRate,0.1225
EXIT-PIF-60,CPmt,7500.0
EXIT-PIF-60,MatDt,2031-06-01
EXIT-PIF-60,T3,22000.0
EXIT-PIF-60,T6,44000.0
EXIT-PIF-60,T12,88000.0
EXIT-PIF-60,T24,176000.0
EXIT-PIF-60,PmtSel,Current PMT
EXIT-PIF-60,UserPmt,0.0
EXIT-PIF-60,TermMonths,0
EXIT-PIF-60,MTrailSel,12M
EXIT-PIF-60,TrailPct,1.0
EXIT-PIF-60,RateSel,Contractual
EXIT-PIF-60,UserRate,0.0
EXIT-PIF-60,LegalInit,0.0
EXIT-PIF-60,LegalStartM,0
EXIT-PIF-60,HoldCost,0.0
EXIT-PIF-60,LegalEndM,0
EXIT-PIF-60,AddBack,No
EXIT-PIF-60,ExitType,PIF
EXIT-PIF-60,DPOPct,0.25
EXIT-PIF-60,UserExit,0.0
EXIT-PIF-60,ValCapPct,1.0
EXIT-PIF-60,YTMTgt,0.15
EXIT-PIF-60,AddAccrued,No
EXIT-PIF-60,LiqAcrM,0
EXIT-PIF-60,StartMonth,1
EXIT-PIF-60,ExitMonth,60
EXIT-PIF-60,BidOverride,
EXIT-PIF-60,Yield,0.15
EXIT-PIF-60,CutoffDt,2026-07-01
EXIT-PIF-60,AnchorDt,2026-07-31
EXIT-PIF-60,MinMonthsJ2,0
EXIT-PIF-60,HurdleYTM,0.1
EXIT-PIF-60,HurdleCY,0.09
EXIT-PIF-60,HurdleMOIC,1.3
EXIT-PIF-60,RelColl,2500000.0
EXIT-DPO-60,LoanNo,000005100324610
EXIT-DPO-60,UPB,1000000.0
EXIT-DPO-60,IntBal,40000.0
EXIT-DPO-60,CRate,0.0725
EXIT-DPO-60,DRate,0.1225
EXIT-DPO-60,CPmt,7500.0
EXIT-DPO-60,MatDt,2031-06-01
EXIT-DPO-60,T3,22000.0
EXIT-DPO-60,T6,44000.0
EXIT-DPO-60,T12,88000.0
EXIT-DPO-60,T24,176000.0
EXIT-DPO-60,PmtSel,Current PMT
EXIT-DPO-60,UserPmt,0.0
EXIT-DPO-60,TermMonths,0
EXIT-DPO-60,MTrailSel,12M
EXIT-DPO-60,TrailPct,1.0
EXIT-DPO-60,RateSel,Contractual
EXIT-DPO-60,UserRate,0.0
EXIT-DPO-60,LegalInit,0.0
EXIT-DPO-60,LegalStartM,0
EXIT-DPO-60,HoldCost,0.0
EXIT-DPO-60,LegalEndM,0
EXIT-DPO-60,AddBack,No
EXIT-DPO-60,ExitType,DPO
EXIT-DPO-60,DPOPct,0.3
EXIT-DPO-60,UserExit,0.0
EXIT-DPO-60,ValCapPct,1.0
EXIT-DPO-60,YTMTgt,0.15
EXIT-DPO-60,AddAccrued,No
EXIT-DPO-60,LiqAcrM,0
EXIT-DPO-60,StartMonth,1
EXIT-DPO-60,ExitMonth,60
EXIT-DPO-60,BidOverride,
EXIT-DPO-60,Yield,0.15
EXIT-DPO-60,CutoffDt,2026-07-01
EXIT-DPO-60,AnchorDt,2026-07-31
EXIT-DPO-60,MinMonthsJ2,0
EXIT-DPO-60,HurdleYTM,0.1
EXIT-DPO-60,HurdleCY,0.09
EXIT-DPO-60,HurdleMOIC,1.3
EXIT-DPO-60,RelColl,2500000.0
EXIT-START6-EXIT24,LoanNo,000005100324610
EXIT-START6-EXIT24,UPB,1000000.0
EXIT-START6-EXIT24,IntBal,40000.0
EXIT-START6-EXIT24,CRate,0.0725
EXIT-START6-EXIT24,DRate,0.1225
EXIT-START6-EXIT24,CPmt,7500.0
EXIT-START6-EXIT24,MatDt,2031-06-01
EXIT-START6-EXIT24,T3,22000.0
EXIT-START6-EXIT24,T6,44000.0
EXIT-START6-EXIT24,T12,88000.0
EXIT-START6-EXIT24,T24,176000.0
EXIT-START6-EXIT24,PmtSel,Current PMT
EXIT-START6-EXIT24,UserPmt,0.0
EXIT-START6-EXIT24,TermMonths,0
EXIT-START6-EXIT24,MTrailSel,12M
EXIT-START6-EXIT24,TrailPct,1.0
EXIT-START6-EXIT24,RateSel,Contractual
EXIT-START6-EXIT24,UserRate,0.0
EXIT-START6-EXIT24,LegalInit,0.0
EXIT-START6-EXIT24,LegalStartM,0
EXIT-START6-EXIT24,HoldCost,0.0
EXIT-START6-EXIT24,LegalEndM,0
EXIT-START6-EXIT24,AddBack,No
EXIT-START6-EXIT24,ExitType,PIF
EXIT-START6-EXIT24,DPOPct,0.25
EXIT-START6-EXIT24,UserExit,0.0
EXIT-START6-EXIT24,ValCapPct,1.0
EXIT-START6-EXIT24,YTMTgt,0.15
EXIT-START6-EXIT24,AddAccrued,No
EXIT-START6-EXIT24,LiqAcrM,0
EXIT-START6-EXIT24,StartMonth,6
EXIT-START6-EXIT24,ExitMonth,24
EXIT-START6-EXIT24,BidOverride,
EXIT-START6-EXIT24,Yield,0.15
EXIT-START6-EXIT24,CutoffDt,2026-07-01
EXIT-START6-EXIT24,AnchorDt,2026-07-31
EXIT-START6-EXIT24,MinMonthsJ2,0
EXIT-START6-EXIT24,HurdleYTM,0.1
EXIT-START6-EXIT24,HurdleCY,0.09
EXIT-START6-EXIT24,HurdleMOIC,1.3
EXIT-START6-EXIT24,RelColl,2500000.0
EXIT-USERENTER-0,LoanNo,000005100324610
EXIT-USERENTER-0,UPB,1000000.0
EXIT-USERENTER-0,IntBal,40000.0
EXIT-USERENTER-0,CRate,0.0725
EXIT-USERENTER-0,DRate,0.1225
EXIT-USERENTER-0,CPmt,7500.0
EXIT-USERENTER-0,MatDt,2031-06-01
EXIT-USERENTER-0,T3,22000.0
EXIT-USERENTER-0,T6,44000.0
EXIT-USERENTER-0,T12,88000.0
EXIT-USERENTER-0,T24,176000.0
EXIT-USERENTER-0,PmtSel,Current PMT
EXIT-USERENTER-0,UserPmt,0.0
EXIT-USERENTER-0,TermMonths,0
EXIT-USERENTER-0,MTrailSel,12M
EXIT-USERENTER-0,TrailPct,1.0
EXIT-USERENTER-0,RateSel,Contractual
EXIT-USERENTER-0,UserRate,0.0
EXIT-USERENTER-0,LegalInit,0.0
EXIT-USERENTER-0,LegalStartM,0
EXIT-USERENTER-0,HoldCost,0.0
EXIT-USERENTER-0,LegalEndM,0
EXIT-USERENTER-0,AddBack,No
EXIT-USERENTER-0,ExitType,User Enter
EXIT-USERENTER-0,DPOPct,0.25
EXIT-USERENTER-0,UserExit,0
EXIT-USERENTER-0,ValCapPct,1.0
EXIT-USERENTER-0,YTMTgt,0.15
EXIT-USERENTER-0,AddAccrued,No
EXIT-USERENTER-0,LiqAcrM,0
EXIT-USERENTER-0,StartMonth,1
EXIT-USERENTER-0,ExitMonth,24
EXIT-USERENTER-0,BidOverride,
EXIT-USERENTER-0,Yield,0.15
EXIT-USERENTER-0,CutoffDt,2026-07-01
EXIT-USERENTER-0,AnchorDt,2026-07-31
EXIT-USERENTER-0,MinMonthsJ2,0
EXIT-USERENTER-0,HurdleYTM,0.1
EXIT-USERENTER-0,HurdleCY,0.09
EXIT-USERENTER-0,HurdleMOIC,1.3
EXIT-USERENTER-0,RelColl,2500000.0
EXIT-ACCRUED-YES,LoanNo,000005100324610
EXIT-ACCRUED-YES,UPB,1000000.0
EXIT-ACCRUED-YES,IntBal,40000.0
EXIT-ACCRUED-YES,CRate,0.0725
EXIT-ACCRUED-YES,DRate,0.1225
EXIT-ACCRUED-YES,CPmt,7500.0
EXIT-ACCRUED-YES,MatDt,2031-06-01
EXIT-ACCRUED-YES,T3,22000.0
EXIT-ACCRUED-YES,T6,44000.0
EXIT-ACCRUED-YES,T12,88000.0
EXIT-ACCRUED-YES,T24,176000.0
EXIT-ACCRUED-YES,PmtSel,Current PMT
EXIT-ACCRUED-YES,UserPmt,0.0
EXIT-ACCRUED-YES,TermMonths,0
EXIT-ACCRUED-YES,MTrailSel,12M
EXIT-ACCRUED-YES,TrailPct,1.0
EXIT-ACCRUED-YES,RateSel,Contractual
EXIT-ACCRUED-YES,UserRate,0.0
EXIT-ACCRUED-YES,LegalInit,0.0
EXIT-ACCRUED-YES,LegalStartM,0
EXIT-ACCRUED-YES,HoldCost,0.0
EXIT-ACCRUED-YES,LegalEndM,0
EXIT-ACCRUED-YES,AddBack,No
EXIT-ACCRUED-YES,ExitType,PIF
EXIT-ACCRUED-YES,DPOPct,0.25
EXIT-ACCRUED-YES,UserExit,0.0
EXIT-ACCRUED-YES,ValCapPct,1.0
EXIT-ACCRUED-YES,YTMTgt,0.15
EXIT-ACCRUED-YES,AddAccrued,Yes
EXIT-ACCRUED-YES,LiqAcrM,0
EXIT-ACCRUED-YES,StartMonth,1
EXIT-ACCRUED-YES,ExitMonth,24
EXIT-ACCRUED-YES,BidOverride,
EXIT-ACCRUED-YES,Yield,0.15
EXIT-ACCRUED-YES,CutoffDt,2026-07-01
EXIT-ACCRUED-YES,AnchorDt,2026-07-31
EXIT-ACCRUED-YES,MinMonthsJ2,0
EXIT-ACCRUED-YES,HurdleYTM,0.1
EXIT-ACCRUED-YES,HurdleCY,0.09
EXIT-ACCRUED-YES,HurdleMOIC,1.3
EXIT-ACCRUED-YES,RelColl,2500000.0
EXIT-LIQ-NOACR,LoanNo,000005100324610
EXIT-LIQ-NOACR,UPB,1000000.0
EXIT-LIQ-NOACR,IntBal,40000.0
EXIT-LIQ-NOACR,CRate,0.0725
EXIT-LIQ-NOACR,DRate,0.1225
EXIT-LIQ-NOACR,CPmt,7500.0
EXIT-LIQ-NOACR,MatDt,2031-06-01
EXIT-LIQ-NOACR,T3,22000.0
EXIT-LIQ-NOACR,T6,44000.0
EXIT-LIQ-NOACR,T12,88000.0
EXIT-LIQ-NOACR,T24,176000.0
EXIT-LIQ-NOACR,PmtSel,Current PMT
EXIT-LIQ-NOACR,UserPmt,0.0
EXIT-LIQ-NOACR,TermMonths,0
EXIT-LIQ-NOACR,MTrailSel,12M
EXIT-LIQ-NOACR,TrailPct,1.0
EXIT-LIQ-NOACR,RateSel,Contractual
EXIT-LIQ-NOACR,UserRate,0.0
EXIT-LIQ-NOACR,LegalInit,0.0
EXIT-LIQ-NOACR,LegalStartM,0
EXIT-LIQ-NOACR,HoldCost,0.0
EXIT-LIQ-NOACR,LegalEndM,0
EXIT-LIQ-NOACR,AddBack,No
EXIT-LIQ-NOACR,ExitType,Liquidation
EXIT-LIQ-NOACR,DPOPct,0.25
EXIT-LIQ-NOACR,UserExit,0.0
EXIT-LIQ-NOACR,ValCapPct,1.0
EXIT-LIQ-NOACR,YTMTgt,0.15
EXIT-LIQ-NOACR,AddAccrued,No
EXIT-LIQ-NOACR,LiqAcrM,0
EXIT-LIQ-NOACR,StartMonth,1
EXIT-LIQ-NOACR,ExitMonth,24
EXIT-LIQ-NOACR,BidOverride,
EXIT-LIQ-NOACR,Yield,0.15
EXIT-LIQ-NOACR,CutoffDt,2026-07-01
EXIT-LIQ-NOACR,AnchorDt,2026-07-31
EXIT-LIQ-NOACR,MinMonthsJ2,0
EXIT-LIQ-NOACR,HurdleYTM,0.1
EXIT-LIQ-NOACR,HurdleCY,0.09
EXIT-LIQ-NOACR,HurdleMOIC,1.3
EXIT-LIQ-NOACR,RelColl,2500000.0
EXIT-YTMSELL-PASTMAT,LoanNo,000005100324610
EXIT-YTMSELL-PASTMAT,UPB,1000000.0
EXIT-YTMSELL-PASTMAT,IntBal,40000.0
EXIT-YTMSELL-PASTMAT,CRate,0.0725
EXIT-YTMSELL-PASTMAT,DRate,0.1225
EXIT-YTMSELL-PASTMAT,CPmt,7500.0
EXIT-YTMSELL-PASTMAT,MatDt,2027-01-01
EXIT-YTMSELL-PASTMAT,T3,22000.0
EXIT-YTMSELL-PASTMAT,T6,44000.0
EXIT-YTMSELL-PASTMAT,T12,88000.0
EXIT-YTMSELL-PASTMAT,T24,176000.0
EXIT-YTMSELL-PASTMAT,PmtSel,Current PMT
EXIT-YTMSELL-PASTMAT,UserPmt,0.0
EXIT-YTMSELL-PASTMAT,TermMonths,0
EXIT-YTMSELL-PASTMAT,MTrailSel,12M
EXIT-YTMSELL-PASTMAT,TrailPct,1.0
EXIT-YTMSELL-PASTMAT,RateSel,Contractual
EXIT-YTMSELL-PASTMAT,UserRate,0.0
EXIT-YTMSELL-PASTMAT,LegalInit,0.0
EXIT-YTMSELL-PASTMAT,LegalStartM,0
EXIT-YTMSELL-PASTMAT,HoldCost,0.0
EXIT-YTMSELL-PASTMAT,LegalEndM,0
EXIT-YTMSELL-PASTMAT,AddBack,No
EXIT-YTMSELL-PASTMAT,ExitType,YTM Sell Solve
EXIT-YTMSELL-PASTMAT,DPOPct,0.25
EXIT-YTMSELL-PASTMAT,UserExit,0.0
EXIT-YTMSELL-PASTMAT,ValCapPct,1.0
EXIT-YTMSELL-PASTMAT,YTMTgt,0.12
EXIT-YTMSELL-PASTMAT,AddAccrued,No
EXIT-YTMSELL-PASTMAT,LiqAcrM,0
EXIT-YTMSELL-PASTMAT,StartMonth,1
EXIT-YTMSELL-PASTMAT,ExitMonth,60
EXIT-YTMSELL-PASTMAT,BidOverride,
EXIT-YTMSELL-PASTMAT,Yield,0.15
EXIT-YTMSELL-PASTMAT,CutoffDt,2026-07-01
EXIT-YTMSELL-PASTMAT,AnchorDt,2026-07-31
EXIT-YTMSELL-PASTMAT,MinMonthsJ2,0
EXIT-YTMSELL-PASTMAT,HurdleYTM,0.1
EXIT-YTMSELL-PASTMAT,HurdleCY,0.09
EXIT-YTMSELL-PASTMAT,HurdleMOIC,1.3
EXIT-YTMSELL-PASTMAT,RelColl,2500000.0
PMT-USER,LoanNo,000005100324610
PMT-USER,UPB,1000000.0
PMT-USER,IntBal,40000.0
PMT-USER,CRate,0.0725
PMT-USER,DRate,0.1225
PMT-USER,CPmt,7500.0
PMT-USER,MatDt,2031-06-01
PMT-USER,T3,22000.0
PMT-USER,T6,44000.0
PMT-USER,T12,88000.0
PMT-USER,T24,176000.0
PMT-USER,PmtSel,User PMT
PMT-USER,UserPmt,9000
PMT-USER,TermMonths,0
PMT-USER,MTrailSel,12M
PMT-USER,TrailPct,1.0
PMT-USER,RateSel,Contractual
PMT-USER,UserRate,0.0
PMT-USER,LegalInit,0.0
PMT-USER,LegalStartM,0
PMT-USER,HoldCost,0.0
PMT-USER,LegalEndM,0
PMT-USER,AddBack,No
PMT-USER,ExitType,PIF
PMT-USER,DPOPct,0.25
PMT-USER,UserExit,0.0
PMT-USER,ValCapPct,1.0
PMT-USER,YTMTgt,0.15
PMT-USER,AddAccrued,No
PMT-USER,LiqAcrM,0
PMT-USER,StartMonth,1
PMT-USER,ExitMonth,24
PMT-USER,BidOverride,
PMT-USER,Yield,0.15
PMT-USER,CutoffDt,2026-07-01
PMT-USER,AnchorDt,2026-07-31
PMT-USER,MinMonthsJ2,0
PMT-USER,HurdleYTM,0.1
PMT-USER,HurdleCY,0.09
PMT-USER,HurdleMOIC,1.3
PMT-USER,RelColl,2500000.0
PMT-INTEREST,LoanNo,000005100324610
PMT-INTEREST,UPB,1000000.0
PMT-INTEREST,IntBal,40000.0
PMT-INTEREST,CRate,0.0725
PMT-INTEREST,DRate,0.1225
PMT-INTEREST,CPmt,7500.0
PMT-INTEREST,MatDt,2031-06-01
PMT-INTEREST,T3,22000.0
PMT-INTEREST,T6,44000.0
PMT-INTEREST,T12,88000.0
PMT-INTEREST,T24,176000.0
PMT-INTEREST,PmtSel,Interest PMT
PMT-INTEREST,UserPmt,0.0
PMT-INTEREST,TermMonths,0
PMT-INTEREST,MTrailSel,12M
PMT-INTEREST,TrailPct,1.0
PMT-INTEREST,RateSel,Contractual
PMT-INTEREST,UserRate,0.0
PMT-INTEREST,LegalInit,0.0
PMT-INTEREST,LegalStartM,0
PMT-INTEREST,HoldCost,0.0
PMT-INTEREST,LegalEndM,0
PMT-INTEREST,AddBack,No
PMT-INTEREST,ExitType,PIF
PMT-INTEREST,DPOPct,0.25
PMT-INTEREST,UserExit,0.0
PMT-INTEREST,ValCapPct,1.0
PMT-INTEREST,YTMTgt,0.15
PMT-INTEREST,AddAccrued,No
PMT-INTEREST,LiqAcrM,0
PMT-INTEREST,StartMonth,1
PMT-INTEREST,ExitMonth,24
PMT-INTEREST,BidOverride,
PMT-INTEREST,Yield,0.15
PMT-INTEREST,CutoffDt,2026-07-01
PMT-INTEREST,AnchorDt,2026-07-31
PMT-INTEREST,MinMonthsJ2,0
PMT-INTEREST,HurdleYTM,0.1
PMT-INTEREST,HurdleCY,0.09
PMT-INTEREST,HurdleMOIC,1.3
PMT-INTEREST,RelColl,2500000.0
PMT-TERM,LoanNo,000005100324610
PMT-TERM,UPB,1000000.0
PMT-TERM,IntBal,40000.0
PMT-TERM,CRate,0.0725
PMT-TERM,DRate,0.1225
PMT-TERM,CPmt,7500.0
PMT-TERM,MatDt,2031-06-01
PMT-TERM,T3,22000.0
PMT-TERM,T6,44000.0
PMT-TERM,T12,88000.0
PMT-TERM,T24,176000.0
PMT-TERM,PmtSel,Term PMT
PMT-TERM,UserPmt,0.0
PMT-TERM,TermMonths,120
PMT-TERM,MTrailSel,12M
PMT-TERM,TrailPct,1.0
PMT-TERM,RateSel,Contractual
PMT-TERM,UserRate,0.0
PMT-TERM,LegalInit,0.0
PMT-TERM,LegalStartM,0
PMT-TERM,HoldCost,0.0
PMT-TERM,LegalEndM,0
PMT-TERM,AddBack,No
PMT-TERM,ExitType,PIF
PMT-TERM,DPOPct,0.25
PMT-TERM,UserExit,0.0
PMT-TERM,ValCapPct,1.0
PMT-TERM,YTMTgt,0.15
PMT-TERM,AddAccrued,No
PMT-TERM,LiqAcrM,0
PMT-TERM,StartMonth,1
PMT-TERM,ExitMonth,24
PMT-TERM,BidOverride,
PMT-TERM,Yield,0.15
PMT-TERM,CutoffDt,2026-07-01
PMT-TERM,AnchorDt,2026-07-31
PMT-TERM,MinMonthsJ2,0
PMT-TERM,HurdleYTM,0.1
PMT-TERM,HurdleCY,0.09
PMT-TERM,HurdleMOIC,1.3
PMT-TERM,RelColl,2500000.0
PMT-TERM-RATE0,LoanNo,000005100324610
PMT-TERM-RATE0,UPB,1000000.0
PMT-TERM-RATE0,IntBal,40000.0
PMT-TERM-RATE0,CRate,0.0725
PMT-TERM-RATE0,DRate,0.1225
PMT-TERM-RATE0,CPmt,7500.0
PMT-TERM-RATE0,MatDt,2031-06-01
PMT-TERM-RATE0,T3,22000.0
PMT-TERM-RATE0,T6,44000.0
PMT-TERM-RATE0,T12,88000.0
PMT-TERM-RATE0,T24,176000.0
PMT-TERM-RATE0,PmtSel,Term PMT
PMT-TERM-RATE0,UserPmt,0.0
PMT-TERM-RATE0,TermMonths,120
PMT-TERM-RATE0,MTrailSel,12M
PMT-TERM-RATE0,TrailPct,1.0
PMT-TERM-RATE0,RateSel,User Enter
PMT-TERM-RATE0,UserRate,0.0
PMT-TERM-RATE0,LegalInit,0.0
PMT-TERM-RATE0,LegalStartM,0
PMT-TERM-RATE0,HoldCost,0.0
PMT-TERM-RATE0,LegalEndM,0
PMT-TERM-RATE0,AddBack,No
PMT-TERM-RATE0,ExitType,PIF
PMT-TERM-RATE0,DPOPct,0.25
PMT-TERM-RATE0,UserExit,0.0
PMT-TERM-RATE0,ValCapPct,1.0
PMT-TERM-RATE0,YTMTgt,0.15
PMT-TERM-RATE0,AddAccrued,No
PMT-TERM-RATE0,LiqAcrM,0
PMT-TERM-RATE0,StartMonth,1
PMT-TERM-RATE0,ExitMonth,24
PMT-TERM-RATE0,BidOverride,
PMT-TERM-RATE0,Yield,0.15
PMT-TERM-RATE0,CutoffDt,2026-07-01
PMT-TERM-RATE0,AnchorDt,2026-07-31
PMT-TERM-RATE0,MinMonthsJ2,0
PMT-TERM-RATE0,HurdleYTM,0.1
PMT-TERM-RATE0,HurdleCY,0.09
PMT-TERM-RATE0,HurdleMOIC,1.3
PMT-TERM-RATE0,RelColl,2500000.0
PMT-TRAIL-3M,LoanNo,000005100324610
PMT-TRAIL-3M,UPB,1000000.0
PMT-TRAIL-3M,IntBal,40000.0
PMT-TRAIL-3M,CRate,0.0725
PMT-TRAIL-3M,DRate,0.1225
PMT-TRAIL-3M,CPmt,7500.0
PMT-TRAIL-3M,MatDt,2031-06-01
PMT-TRAIL-3M,T3,22000.0
PMT-TRAIL-3M,T6,44000.0
PMT-TRAIL-3M,T12,88000.0
PMT-TRAIL-3M,T24,176000.0
PMT-TRAIL-3M,PmtSel,% of M Trail PMT
PMT-TRAIL-3M,UserPmt,0.0
PMT-TRAIL-3M,TermMonths,0
PMT-TRAIL-3M,MTrailSel,3M
PMT-TRAIL-3M,TrailPct,0.9
PMT-TRAIL-3M,RateSel,Contractual
PMT-TRAIL-3M,UserRate,0.0
PMT-TRAIL-3M,LegalInit,0.0
PMT-TRAIL-3M,LegalStartM,0
PMT-TRAIL-3M,HoldCost,0.0
PMT-TRAIL-3M,LegalEndM,0
PMT-TRAIL-3M,AddBack,No
PMT-TRAIL-3M,ExitType,PIF
PMT-TRAIL-3M,DPOPct,0.25
PMT-TRAIL-3M,UserExit,0.0
PMT-TRAIL-3M,ValCapPct,1.0
PMT-TRAIL-3M,YTMTgt,0.15
PMT-TRAIL-3M,AddAccrued,No
PMT-TRAIL-3M,LiqAcrM,0
PMT-TRAIL-3M,StartMonth,1
PMT-TRAIL-3M,ExitMonth,24
PMT-TRAIL-3M,BidOverride,
PMT-TRAIL-3M,Yield,0.15
PMT-TRAIL-3M,CutoffDt,2026-07-01
PMT-TRAIL-3M,AnchorDt,2026-07-31
PMT-TRAIL-3M,MinMonthsJ2,0
PMT-TRAIL-3M,HurdleYTM,0.1
PMT-TRAIL-3M,HurdleCY,0.09
PMT-TRAIL-3M,HurdleMOIC,1.3
PMT-TRAIL-3M,RelColl,2500000.0
PMT-TRAIL-12M,LoanNo,000005100324610
PMT-TRAIL-12M,UPB,1000000.0
PMT-TRAIL-12M,IntBal,40000.0
PMT-TRAIL-12M,CRate,0.0725
PMT-TRAIL-12M,DRate,0.1225
PMT-TRAIL-12M,CPmt,7500.0
PMT-TRAIL-12M,MatDt,2031-06-01
PMT-TRAIL-12M,T3,22000.0
PMT-TRAIL-12M,T6,44000.0
PMT-TRAIL-12M,T12,88000.0
PMT-TRAIL-12M,T24,176000.0
PMT-TRAIL-12M,PmtSel,% of M Trail PMT
PMT-TRAIL-12M,UserPmt,0.0
PMT-TRAIL-12M,TermMonths,0
PMT-TRAIL-12M,MTrailSel,12M
PMT-TRAIL-12M,TrailPct,1.1
PMT-TRAIL-12M,RateSel,Contractual
PMT-TRAIL-12M,UserRate,0.0
PMT-TRAIL-12M,LegalInit,0.0
PMT-TRAIL-12M,LegalStartM,0
PMT-TRAIL-12M,HoldCost,0.0
PMT-TRAIL-12M,LegalEndM,0
PMT-TRAIL-12M,AddBack,No
PMT-TRAIL-12M,ExitType,PIF
PMT-TRAIL-12M,DPOPct,0.25
PMT-TRAIL-12M,UserExit,0.0
PMT-TRAIL-12M,ValCapPct,1.0
PMT-TRAIL-12M,YTMTgt,0.15
PMT-TRAIL-12M,AddAccrued,No
PMT-TRAIL-12M,LiqAcrM,0
PMT-TRAIL-12M,StartMonth,1
PMT-TRAIL-12M,ExitMonth,24
PMT-TRAIL-12M,BidOverride,
PMT-TRAIL-12M,Yield,0.15
PMT-TRAIL-12M,CutoffDt,2026-07-01
PMT-TRAIL-12M,AnchorDt,2026-07-31
PMT-TRAIL-12M,MinMonthsJ2,0
PMT-TRAIL-12M,HurdleYTM,0.1
PMT-TRAIL-12M,HurdleCY,0.09
PMT-TRAIL-12M,HurdleMOIC,1.3
PMT-TRAIL-12M,RelColl,2500000.0
RATE-DEFAULT,LoanNo,000005100324610
RATE-DEFAULT,UPB,1000000.0
RATE-DEFAULT,IntBal,40000.0
RATE-DEFAULT,CRate,0.0725
RATE-DEFAULT,DRate,0.1225
RATE-DEFAULT,CPmt,7500.0
RATE-DEFAULT,MatDt,2031-06-01
RATE-DEFAULT,T3,22000.0
RATE-DEFAULT,T6,44000.0
RATE-DEFAULT,T12,88000.0
RATE-DEFAULT,T24,176000.0
RATE-DEFAULT,PmtSel,Current PMT
RATE-DEFAULT,UserPmt,0.0
RATE-DEFAULT,TermMonths,0
RATE-DEFAULT,MTrailSel,12M
RATE-DEFAULT,TrailPct,1.0
RATE-DEFAULT,RateSel,Default
RATE-DEFAULT,UserRate,0.0
RATE-DEFAULT,LegalInit,0.0
RATE-DEFAULT,LegalStartM,0
RATE-DEFAULT,HoldCost,0.0
RATE-DEFAULT,LegalEndM,0
RATE-DEFAULT,AddBack,No
RATE-DEFAULT,ExitType,PIF
RATE-DEFAULT,DPOPct,0.25
RATE-DEFAULT,UserExit,0.0
RATE-DEFAULT,ValCapPct,1.0
RATE-DEFAULT,YTMTgt,0.15
RATE-DEFAULT,AddAccrued,No
RATE-DEFAULT,LiqAcrM,0
RATE-DEFAULT,StartMonth,1
RATE-DEFAULT,ExitMonth,24
RATE-DEFAULT,BidOverride,
RATE-DEFAULT,Yield,0.15
RATE-DEFAULT,CutoffDt,2026-07-01
RATE-DEFAULT,AnchorDt,2026-07-31
RATE-DEFAULT,MinMonthsJ2,0
RATE-DEFAULT,HurdleYTM,0.1
RATE-DEFAULT,HurdleCY,0.09
RATE-DEFAULT,HurdleMOIC,1.3
RATE-DEFAULT,RelColl,2500000.0
RATE-USER,LoanNo,000005100324610
RATE-USER,UPB,1000000.0
RATE-USER,IntBal,40000.0
RATE-USER,CRate,0.0725
RATE-USER,DRate,0.1225
RATE-USER,CPmt,7500.0
RATE-USER,MatDt,2031-06-01
RATE-USER,T3,22000.0
RATE-USER,T6,44000.0
RATE-USER,T12,88000.0
RATE-USER,T24,176000.0
RATE-USER,PmtSel,Current PMT
RATE-USER,UserPmt,0.0
RATE-USER,TermMonths,0
RATE-USER,MTrailSel,12M
RATE-USER,TrailPct,1.0
RATE-USER,RateSel,User Enter
RATE-USER,UserRate,0.09
RATE-USER,LegalInit,0.0
RATE-USER,LegalStartM,0
RATE-USER,HoldCost,0.0
RATE-USER,LegalEndM,0
RATE-USER,AddBack,No
RATE-USER,ExitType,PIF
RATE-USER,DPOPct,0.25
RATE-USER,UserExit,0.0
RATE-USER,ValCapPct,1.0
RATE-USER,YTMTgt,0.15
RATE-USER,AddAccrued,No
RATE-USER,LiqAcrM,0
RATE-USER,StartMonth,1
RATE-USER,ExitMonth,24
RATE-USER,BidOverride,
RATE-USER,Yield,0.15
RATE-USER,CutoffDt,2026-07-01
RATE-USER,AnchorDt,2026-07-31
RATE-USER,MinMonthsJ2,0
RATE-USER,HurdleYTM,0.1
RATE-USER,HurdleCY,0.09
RATE-USER,HurdleMOIC,1.3
RATE-USER,RelColl,2500000.0
LEGAL-INIT-ONLY,LoanNo,000005100324610
LEGAL-INIT-ONLY,UPB,1000000.0
LEGAL-INIT-ONLY,IntBal,40000.0
LEGAL-INIT-ONLY,CRate,0.0725
LEGAL-INIT-ONLY,DRate,0.1225
LEGAL-INIT-ONLY,CPmt,7500.0
LEGAL-INIT-ONLY,MatDt,2031-06-01
LEGAL-INIT-ONLY,T3,22000.0
LEGAL-INIT-ONLY,T6,44000.0
LEGAL-INIT-ONLY,T12,88000.0
LEGAL-INIT-ONLY,T24,176000.0
LEGAL-INIT-ONLY,PmtSel,Current PMT
LEGAL-INIT-ONLY,UserPmt,0.0
LEGAL-INIT-ONLY,TermMonths,0
LEGAL-INIT-ONLY,MTrailSel,12M
LEGAL-INIT-ONLY,TrailPct,1.0
LEGAL-INIT-ONLY,RateSel,Contractual
LEGAL-INIT-ONLY,UserRate,0.0
LEGAL-INIT-ONLY,LegalInit,10000
LEGAL-INIT-ONLY,LegalStartM,3
LEGAL-INIT-ONLY,HoldCost,500
LEGAL-INIT-ONLY,LegalEndM,9
LEGAL-INIT-ONLY,AddBack,No
LEGAL-INIT-ONLY,ExitType,PIF
LEGAL-INIT-ONLY,DPOPct,0.25
LEGAL-INIT-ONLY,UserExit,0.0
LEGAL-INIT-ONLY,ValCapPct,1.0
LEGAL-INIT-ONLY,YTMTgt,0.15
LEGAL-INIT-ONLY,AddAccrued,No
LEGAL-INIT-ONLY,LiqAcrM,0
LEGAL-INIT-ONLY,StartMonth,1
LEGAL-INIT-ONLY,ExitMonth,24
LEGAL-INIT-ONLY,BidOverride,
LEGAL-INIT-ONLY,Yield,0.15
LEGAL-INIT-ONLY,CutoffDt,2026-07-01
LEGAL-INIT-ONLY,AnchorDt,2026-07-31
LEGAL-INIT-ONLY,MinMonthsJ2,0
LEGAL-INIT-ONLY,HurdleYTM,0.1
LEGAL-INIT-ONLY,HurdleCY,0.09
LEGAL-INIT-ONLY,HurdleMOIC,1.3
LEGAL-INIT-ONLY,RelColl,2500000.0
LEGAL-ADDBACK-INITIAL,LoanNo,000005100324610
LEGAL-ADDBACK-INITIAL,UPB,1000000.0
LEGAL-ADDBACK-INITIAL,IntBal,40000.0
LEGAL-ADDBACK-INITIAL,CRate,0.0725
LEGAL-ADDBACK-INITIAL,DRate,0.1225
LEGAL-ADDBACK-INITIAL,CPmt,7500.0
LEGAL-ADDBACK-INITIAL,MatDt,2031-06-01
LEGAL-ADDBACK-INITIAL,T3,22000.0
LEGAL-ADDBACK-INITIAL,T6,44000.0
LEGAL-ADDBACK-INITIAL,T12,88000.0
LEGAL-ADDBACK-INITIAL,T24,176000.0
LEGAL-ADDBACK-INITIAL,PmtSel,Current PMT
LEGAL-ADDBACK-INITIAL,UserPmt,0.0
LEGAL-ADDBACK-INITIAL,TermMonths,0
LEGAL-ADDBACK-INITIAL,MTrailSel,12M
LEGAL-ADDBACK-INITIAL,TrailPct,1.0
LEGAL-ADDBACK-INITIAL,RateSel,Contractual
LEGAL-ADDBACK-INITIAL,UserRate,0.0
LEGAL-ADDBACK-INITIAL,LegalInit,10000
LEGAL-ADDBACK-INITIAL,LegalStartM,3
LEGAL-ADDBACK-INITIAL,HoldCost,500
LEGAL-ADDBACK-INITIAL,LegalEndM,9
LEGAL-ADDBACK-INITIAL,AddBack,"Yes, Initial Only"
LEGAL-ADDBACK-INITIAL,ExitType,PIF
LEGAL-ADDBACK-INITIAL,DPOPct,0.25
LEGAL-ADDBACK-INITIAL,UserExit,0.0
LEGAL-ADDBACK-INITIAL,ValCapPct,1.0
LEGAL-ADDBACK-INITIAL,YTMTgt,0.15
LEGAL-ADDBACK-INITIAL,AddAccrued,No
LEGAL-ADDBACK-INITIAL,LiqAcrM,0
LEGAL-ADDBACK-INITIAL,StartMonth,1
LEGAL-ADDBACK-INITIAL,ExitMonth,24
LEGAL-ADDBACK-INITIAL,BidOverride,
LEGAL-ADDBACK-INITIAL,Yield,0.15
LEGAL-ADDBACK-INITIAL,CutoffDt,2026-07-01
LEGAL-ADDBACK-INITIAL,AnchorDt,2026-07-31
LEGAL-ADDBACK-INITIAL,MinMonthsJ2,0
LEGAL-ADDBACK-INITIAL,HurdleYTM,0.1
LEGAL-ADDBACK-INITIAL,HurdleCY,0.09
LEGAL-ADDBACK-INITIAL,HurdleMOIC,1.3
LEGAL-ADDBACK-INITIAL,RelColl,2500000.0
LEGAL-ADDBACK-BOTH,LoanNo,000005100324610
LEGAL-ADDBACK-BOTH,UPB,1000000.0
LEGAL-ADDBACK-BOTH,IntBal,40000.0
LEGAL-ADDBACK-BOTH,CRate,0.0725
LEGAL-ADDBACK-BOTH,DRate,0.1225
LEGAL-ADDBACK-BOTH,CPmt,7500.0
LEGAL-ADDBACK-BOTH,MatDt,2031-06-01
LEGAL-ADDBACK-BOTH,T3,22000.0
LEGAL-ADDBACK-BOTH,T6,44000.0
LEGAL-ADDBACK-BOTH,T12,88000.0
LEGAL-ADDBACK-BOTH,T24,176000.0
LEGAL-ADDBACK-BOTH,PmtSel,Current PMT
LEGAL-ADDBACK-BOTH,UserPmt,0.0
LEGAL-ADDBACK-BOTH,TermMonths,0
LEGAL-ADDBACK-BOTH,MTrailSel,12M
LEGAL-ADDBACK-BOTH,TrailPct,1.0
LEGAL-ADDBACK-BOTH,RateSel,Contractual
LEGAL-ADDBACK-BOTH,UserRate,0.0
LEGAL-ADDBACK-BOTH,LegalInit,10000
LEGAL-ADDBACK-BOTH,LegalStartM,3
LEGAL-ADDBACK-BOTH,HoldCost,500
LEGAL-ADDBACK-BOTH,LegalEndM,9
LEGAL-ADDBACK-BOTH,AddBack,"Yes, Both"
LEGAL-ADDBACK-BOTH,ExitType,PIF
LEGAL-ADDBACK-BOTH,DPOPct,0.25
LEGAL-ADDBACK-BOTH,UserExit,0.0
LEGAL-ADDBACK-BOTH,ValCapPct,1.0
LEGAL-ADDBACK-BOTH,YTMTgt,0.15
LEGAL-ADDBACK-BOTH,AddAccrued,No
LEGAL-ADDBACK-BOTH,LiqAcrM,0
LEGAL-ADDBACK-BOTH,StartMonth,1
LEGAL-ADDBACK-BOTH,ExitMonth,24
LEGAL-ADDBACK-BOTH,BidOverride,
LEGAL-ADDBACK-BOTH,Yield,0.15
LEGAL-ADDBACK-BOTH,CutoffDt,2026-07-01
LEGAL-ADDBACK-BOTH,AnchorDt,2026-07-31
LEGAL-ADDBACK-BOTH,MinMonthsJ2,0
LEGAL-ADDBACK-BOTH,HurdleYTM,0.1
LEGAL-ADDBACK-BOTH,HurdleCY,0.09
LEGAL-ADDBACK-BOTH,HurdleMOIC,1.3
LEGAL-ADDBACK-BOTH,RelColl,2500000.0
LEGAL-START0,LoanNo,000005100324610
LEGAL-START0,UPB,1000000.0
LEGAL-START0,IntBal,40000.0
LEGAL-START0,CRate,0.0725
LEGAL-START0,DRate,0.1225
LEGAL-START0,CPmt,7500.0
LEGAL-START0,MatDt,2031-06-01
LEGAL-START0,T3,22000.0
LEGAL-START0,T6,44000.0
LEGAL-START0,T12,88000.0
LEGAL-START0,T24,176000.0
LEGAL-START0,PmtSel,Current PMT
LEGAL-START0,UserPmt,0.0
LEGAL-START0,TermMonths,0
LEGAL-START0,MTrailSel,12M
LEGAL-START0,TrailPct,1.0
LEGAL-START0,RateSel,Contractual
LEGAL-START0,UserRate,0.0
LEGAL-START0,LegalInit,10000
LEGAL-START0,LegalStartM,0
LEGAL-START0,HoldCost,500
LEGAL-START0,LegalEndM,9
LEGAL-START0,AddBack,No
LEGAL-START0,ExitType,PIF
LEGAL-START0,DPOPct,0.25
LEGAL-START0,UserExit,0.0
LEGAL-START0,ValCapPct,1.0
LEGAL-START0,YTMTgt,0.15
LEGAL-START0,AddAccrued,No
LEGAL-START0,LiqAcrM,0
LEGAL-START0,StartMonth,1
LEGAL-START0,ExitMonth,24
LEGAL-START0,BidOverride,
LEGAL-START0,Yield,0.15
LEGAL-START0,CutoffDt,2026-07-01
LEGAL-START0,AnchorDt,2026-07-31
LEGAL-START0,MinMonthsJ2,0
LEGAL-START0,HurdleYTM,0.1
LEGAL-START0,HurdleCY,0.09
LEGAL-START0,HurdleMOIC,1.3
LEGAL-START0,RelColl,2500000.0
LEGAL-START-AFTER-EXIT,LoanNo,000005100324610
LEGAL-START-AFTER-EXIT,UPB,1000000.0
LEGAL-START-AFTER-EXIT,IntBal,40000.0
LEGAL-START-AFTER-EXIT,CRate,0.0725
LEGAL-START-AFTER-EXIT,DRate,0.1225
LEGAL-START-AFTER-EXIT,CPmt,7500.0
LEGAL-START-AFTER-EXIT,MatDt,2031-06-01
LEGAL-START-AFTER-EXIT,T3,22000.0
LEGAL-START-AFTER-EXIT,T6,44000.0
LEGAL-START-AFTER-EXIT,T12,88000.0
LEGAL-START-AFTER-EXIT,T24,176000.0
LEGAL-START-AFTER-EXIT,PmtSel,Current PMT
LEGAL-START-AFTER-EXIT,UserPmt,0.0
LEGAL-START-AFTER-EXIT,TermMonths,0
LEGAL-START-AFTER-EXIT,MTrailSel,12M
LEGAL-START-AFTER-EXIT,TrailPct,1.0
LEGAL-START-AFTER-EXIT,RateSel,Contractual
LEGAL-START-AFTER-EXIT,UserRate,0.0
LEGAL-START-AFTER-EXIT,LegalInit,10000
LEGAL-START-AFTER-EXIT,LegalStartM,30
LEGAL-START-AFTER-EXIT,HoldCost,500
LEGAL-START-AFTER-EXIT,LegalEndM,40
LEGAL-START-AFTER-EXIT,AddBack,No
LEGAL-START-AFTER-EXIT,ExitType,PIF
LEGAL-START-AFTER-EXIT,DPOPct,0.25
LEGAL-START-AFTER-EXIT,UserExit,0.0
LEGAL-START-AFTER-EXIT,ValCapPct,1.0
LEGAL-START-AFTER-EXIT,YTMTgt,0.15
LEGAL-START-AFTER-EXIT,AddAccrued,No
LEGAL-START-AFTER-EXIT,LiqAcrM,0
LEGAL-START-AFTER-EXIT,StartMonth,1
LEGAL-START-AFTER-EXIT,ExitMonth,24
LEGAL-START-AFTER-EXIT,BidOverride,
LEGAL-START-AFTER-EXIT,Yield,0.15
LEGAL-START-AFTER-EXIT,CutoffDt,2026-07-01
LEGAL-START-AFTER-EXIT,AnchorDt,2026-07-31
LEGAL-START-AFTER-EXIT,MinMonthsJ2,0
LEGAL-START-AFTER-EXIT,HurdleYTM,0.1
LEGAL-START-AFTER-EXIT,HurdleCY,0.09
LEGAL-START-AFTER-EXIT,HurdleMOIC,1.3
LEGAL-START-AFTER-EXIT,RelColl,2500000.0
LEGAL-END-BEFORE-START,LoanNo,000005100324610
LEGAL-END-BEFORE-START,UPB,1000000.0
LEGAL-END-BEFORE-START,IntBal,40000.0
LEGAL-END-BEFORE-START,CRate,0.0725
LEGAL-END-BEFORE-START,DRate,0.1225
LEGAL-END-BEFORE-START,CPmt,7500.0
LEGAL-END-BEFORE-START,MatDt,2031-06-01
LEGAL-END-BEFORE-START,T3,22000.0
LEGAL-END-BEFORE-START,T6,44000.0
LEGAL-END-BEFORE-START,T12,88000.0
LEGAL-END-BEFORE-START,T24,176000.0
LEGAL-END-BEFORE-START,PmtSel,Current PMT
LEGAL-END-BEFORE-START,UserPmt,0.0
LEGAL-END-BEFORE-START,TermMonths,0
LEGAL-END-BEFORE-START,MTrailSel,12M
LEGAL-END-BEFORE-START,TrailPct,1.0
LEGAL-END-BEFORE-START,RateSel,Contractual
LEGAL-END-BEFORE-START,UserRate,0.0
LEGAL-END-BEFORE-START,LegalInit,10000
LEGAL-END-BEFORE-START,LegalStartM,9
LEGAL-END-BEFORE-START,HoldCost,500
LEGAL-END-BEFORE-START,LegalEndM,3
LEGAL-END-BEFORE-START,AddBack,"Yes, Both"
LEGAL-END-BEFORE-START,ExitType,PIF
LEGAL-END-BEFORE-START,DPOPct,0.25
LEGAL-END-BEFORE-START,UserExit,0.0
LEGAL-END-BEFORE-START,ValCapPct,1.0
LEGAL-END-BEFORE-START,YTMTgt,0.15
LEGAL-END-BEFORE-START,AddAccrued,No
LEGAL-END-BEFORE-START,LiqAcrM,0
LEGAL-END-BEFORE-START,StartMonth,1
LEGAL-END-BEFORE-START,ExitMonth,24
LEGAL-END-BEFORE-START,BidOverride,
LEGAL-END-BEFORE-START,Yield,0.15
LEGAL-END-BEFORE-START,CutoffDt,2026-07-01
LEGAL-END-BEFORE-START,AnchorDt,2026-07-31
LEGAL-END-BEFORE-START,MinMonthsJ2,0
LEGAL-END-BEFORE-START,HurdleYTM,0.1
LEGAL-END-BEFORE-START,HurdleCY,0.09
LEGAL-END-BEFORE-START,HurdleMOIC,1.3
LEGAL-END-BEFORE-START,RelColl,2500000.0
LEGAL-IRRSOLVE,LoanNo,000005100324610
LEGAL-IRRSOLVE,UPB,1000000.0
LEGAL-IRRSOLVE,IntBal,40000.0
LEGAL-IRRSOLVE,CRate,0.0725
LEGAL-IRRSOLVE,DRate,0.1225
LEGAL-IRRSOLVE,CPmt,7500.0
LEGAL-IRRSOLVE,MatDt,2031-06-01
LEGAL-IRRSOLVE,T3,22000.0
LEGAL-IRRSOLVE,T6,44000.0
LEGAL-IRRSOLVE,T12,88000.0
LEGAL-IRRSOLVE,T24,176000.0
LEGAL-IRRSOLVE,PmtSel,Current PMT
LEGAL-IRRSOLVE,UserPmt,0.0
LEGAL-IRRSOLVE,TermMonths,0
LEGAL-IRRSOLVE,MTrailSel,12M
LEGAL-IRRSOLVE,TrailPct,1.0
LEGAL-IRRSOLVE,RateSel,Contractual
LEGAL-IRRSOLVE,UserRate,0.0
LEGAL-IRRSOLVE,LegalInit,10000
LEGAL-IRRSOLVE,LegalStartM,3
LEGAL-IRRSOLVE,HoldCost,500
LEGAL-IRRSOLVE,LegalEndM,9
LEGAL-IRRSOLVE,AddBack,"Yes, Both"
LEGAL-IRRSOLVE,ExitType,IRR Solve
LEGAL-IRRSOLVE,DPOPct,0.25
LEGAL-IRRSOLVE,UserExit,0.0
LEGAL-IRRSOLVE,ValCapPct,1.0
LEGAL-IRRSOLVE,YTMTgt,0.12
LEGAL-IRRSOLVE,AddAccrued,No
LEGAL-IRRSOLVE,LiqAcrM,0
LEGAL-IRRSOLVE,StartMonth,1
LEGAL-IRRSOLVE,ExitMonth,24
LEGAL-IRRSOLVE,BidOverride,
LEGAL-IRRSOLVE,Yield,0.15
LEGAL-IRRSOLVE,CutoffDt,2026-07-01
LEGAL-IRRSOLVE,AnchorDt,2026-07-31
LEGAL-IRRSOLVE,MinMonthsJ2,0
LEGAL-IRRSOLVE,HurdleYTM,0.1
LEGAL-IRRSOLVE,HurdleCY,0.09
LEGAL-IRRSOLVE,HurdleMOIC,1.3
LEGAL-IRRSOLVE,RelColl,2500000.0
D360-FEB28,LoanNo,000005100324610
D360-FEB28,UPB,1000000.0
D360-FEB28,IntBal,40000.0
D360-FEB28,CRate,0.0725
D360-FEB28,DRate,0.1225
D360-FEB28,CPmt,7500.0
D360-FEB28,MatDt,2028-02-28
D360-FEB28,T3,22000.0
D360-FEB28,T6,44000.0
D360-FEB28,T12,88000.0
D360-FEB28,T24,176000.0
D360-FEB28,PmtSel,Current PMT
D360-FEB28,UserPmt,0.0
D360-FEB28,TermMonths,0
D360-FEB28,MTrailSel,12M
D360-FEB28,TrailPct,1.0
D360-FEB28,RateSel,Contractual
D360-FEB28,UserRate,0.0
D360-FEB28,LegalInit,0.0
D360-FEB28,LegalStartM,0
D360-FEB28,HoldCost,0.0
D360-FEB28,LegalEndM,0
D360-FEB28,AddBack,No
D360-FEB28,ExitType,PIF
D360-FEB28,DPOPct,0.25
D360-FEB28,UserExit,0.0
D360-FEB28,ValCapPct,1.0
D360-FEB28,YTMTgt,0.15
D360-FEB28,AddAccrued,No
D360-FEB28,LiqAcrM,0
D360-FEB28,StartMonth,1
D360-FEB28,ExitMonth,24
D360-FEB28,BidOverride,
D360-FEB28,Yield,0.15
D360-FEB28,CutoffDt,2026-02-28
D360-FEB28,AnchorDt,2026-07-31
D360-FEB28,MinMonthsJ2,0
D360-FEB28,HurdleYTM,0.1
D360-FEB28,HurdleCY,0.09
D360-FEB28,HurdleMOIC,1.3
D360-FEB28,RelColl,2500000.0
D360-JAN30-FEB28,LoanNo,000005100324610
D360-JAN30-FEB28,UPB,1000000.0
D360-JAN30-FEB28,IntBal,40000.0
D360-JAN30-FEB28,CRate,0.0725
D360-JAN30-FEB28,DRate,0.1225
D360-JAN30-FEB28,CPmt,7500.0
D360-JAN30-FEB28,MatDt,2027-02-28
D360-JAN30-FEB28,T3,22000.0
D360-JAN30-FEB28,T6,44000.0
D360-JAN30-FEB28,T12,88000.0
D360-JAN30-FEB28,T24,176000.0
D360-JAN30-FEB28,PmtSel,Current PMT
D360-JAN30-FEB28,UserPmt,0.0
D360-JAN30-FEB28,TermMonths,0
D360-JAN30-FEB28,MTrailSel,12M
D360-JAN30-FEB28,TrailPct,1.0
D360-JAN30-FEB28,RateSel,Contractual
D360-JAN30-FEB28,UserRate,0.0
D360-JAN30-FEB28,LegalInit,0.0
D360-JAN30-FEB28,LegalStartM,0
D360-JAN30-FEB28,HoldCost,0.0
D360-JAN30-FEB28,LegalEndM,0
D360-JAN30-FEB28,AddBack,No
D360-JAN30-FEB28,ExitType,PIF
D360-JAN30-FEB28,DPOPct,0.25
D360-JAN30-FEB28,UserExit,0.0
D360-JAN30-FEB28,ValCapPct,1.0
D360-JAN30-FEB28,YTMTgt,0.15
D360-JAN30-FEB28,AddAccrued,No
D360-JAN30-FEB28,LiqAcrM,0
D360-JAN30-FEB28,StartMonth,1
D360-JAN30-FEB28,ExitMonth,24
D360-JAN30-FEB28,BidOverride,
D360-JAN30-FEB28,Yield,0.15
D360-JAN30-FEB28,CutoffDt,2026-01-30
D360-JAN30-FEB28,AnchorDt,2026-07-31
D360-JAN30-FEB28,MinMonthsJ2,0
D360-JAN30-FEB28,HurdleYTM,0.1
D360-JAN30-FEB28,HurdleCY,0.09
D360-JAN30-FEB28,HurdleMOIC,1.3
D360-JAN30-FEB28,RelColl,2500000.0
D360-MAT-BEFORE-CUTOFF,LoanNo,000005100324610
D360-MAT-BEFORE-CUTOFF,UPB,1000000.0
D360-MAT-BEFORE-CUTOFF,IntBal,40000.0
D360-MAT-BEFORE-CUTOFF,CRate,0.0725
D360-MAT-BEFORE-CUTOFF,DRate,0.1225
D360-MAT-BEFORE-CUTOFF,CPmt,7500.0
D360-MAT-BEFORE-CUTOFF,MatDt,2025-01-01
D360-MAT-BEFORE-CUTOFF,T3,22000.0
D360-MAT-BEFORE-CUTOFF,T6,44000.0
D360-MAT-BEFORE-CUTOFF,T12,88000.0
D360-MAT-BEFORE-CUTOFF,T24,176000.0
D360-MAT-BEFORE-CUTOFF,PmtSel,Current PMT
D360-MAT-BEFORE-CUTOFF,UserPmt,0.0
D360-MAT-BEFORE-CUTOFF,TermMonths,0
D360-MAT-BEFORE-CUTOFF,MTrailSel,12M
D360-MAT-BEFORE-CUTOFF,TrailPct,1.0
D360-MAT-BEFORE-CUTOFF,RateSel,Contractual
D360-MAT-BEFORE-CUTOFF,UserRate,0.0
D360-MAT-BEFORE-CUTOFF,LegalInit,0.0
D360-MAT-BEFORE-CUTOFF,LegalStartM,0
D360-MAT-BEFORE-CUTOFF,HoldCost,0.0
D360-MAT-BEFORE-CUTOFF,LegalEndM,0
D360-MAT-BEFORE-CUTOFF,AddBack,No
D360-MAT-BEFORE-CUTOFF,ExitType,PIF
D360-MAT-BEFORE-CUTOFF,DPOPct,0.25
D360-MAT-BEFORE-CUTOFF,UserExit,0.0
D360-MAT-BEFORE-CUTOFF,ValCapPct,1.0
D360-MAT-BEFORE-CUTOFF,YTMTgt,0.15
D360-MAT-BEFORE-CUTOFF,AddAccrued,No
D360-MAT-BEFORE-CUTOFF,LiqAcrM,0
D360-MAT-BEFORE-CUTOFF,StartMonth,1
D360-MAT-BEFORE-CUTOFF,ExitMonth,24
D360-MAT-BEFORE-CUTOFF,BidOverride,
D360-MAT-BEFORE-CUTOFF,Yield,0.15
D360-MAT-BEFORE-CUTOFF,CutoffDt,2026-07-01
D360-MAT-BEFORE-CUTOFF,AnchorDt,2026-07-31
D360-MAT-BEFORE-CUTOFF,MinMonthsJ2,0
D360-MAT-BEFORE-CUTOFF,HurdleYTM,0.1
D360-MAT-BEFORE-CUTOFF,HurdleCY,0.09
D360-MAT-BEFORE-CUTOFF,HurdleMOIC,1.3
D360-MAT-BEFORE-CUTOFF,RelColl,2500000.0
DATEDIF-DAYROLL,LoanNo,000005100324610
DATEDIF-DAYROLL,UPB,1000000.0
DATEDIF-DAYROLL,IntBal,40000.0
DATEDIF-DAYROLL,CRate,0.0725
DATEDIF-DAYROLL,DRate,0.1225
DATEDIF-DAYROLL,CPmt,7500.0
DATEDIF-DAYROLL,MatDt,2031-06-15
DATEDIF-DAYROLL,T3,22000.0
DATEDIF-DAYROLL,T6,44000.0
DATEDIF-DAYROLL,T12,88000.0
DATEDIF-DAYROLL,T24,176000.0
DATEDIF-DAYROLL,PmtSel,Current PMT
DATEDIF-DAYROLL,UserPmt,0.0
DATEDIF-DAYROLL,TermMonths,0
DATEDIF-DAYROLL,MTrailSel,12M
DATEDIF-DAYROLL,TrailPct,1.0
DATEDIF-DAYROLL,RateSel,Contractual
DATEDIF-DAYROLL,UserRate,0.0
DATEDIF-DAYROLL,LegalInit,0.0
DATEDIF-DAYROLL,LegalStartM,0
DATEDIF-DAYROLL,HoldCost,0.0
DATEDIF-DAYROLL,LegalEndM,0
DATEDIF-DAYROLL,AddBack,No
DATEDIF-DAYROLL,ExitType,PIF
DATEDIF-DAYROLL,DPOPct,0.25
DATEDIF-DAYROLL,UserExit,0.0
DATEDIF-DAYROLL,ValCapPct,1.0
DATEDIF-DAYROLL,YTMTgt,0.15
DATEDIF-DAYROLL,AddAccrued,No
DATEDIF-DAYROLL,LiqAcrM,0
DATEDIF-DAYROLL,StartMonth,1
DATEDIF-DAYROLL,ExitMonth,24
DATEDIF-DAYROLL,BidOverride,
DATEDIF-DAYROLL,Yield,0.15
DATEDIF-DAYROLL,CutoffDt,2026-07-20
DATEDIF-DAYROLL,AnchorDt,2026-07-31
DATEDIF-DAYROLL,MinMonthsJ2,0
DATEDIF-DAYROLL,HurdleYTM,0.1
DATEDIF-DAYROLL,HurdleCY,0.09
DATEDIF-DAYROLL,HurdleMOIC,1.3
DATEDIF-DAYROLL,RelColl,2500000.0
YTM-J2-FLOOR,LoanNo,000005100324610
YTM-J2-FLOOR,UPB,1000000.0
YTM-J2-FLOOR,IntBal,40000.0
YTM-J2-FLOOR,CRate,0.0725
YTM-J2-FLOOR,DRate,0.1225
YTM-J2-FLOOR,CPmt,7500.0
YTM-J2-FLOOR,MatDt,2027-03-01
YTM-J2-FLOOR,T3,22000.0
YTM-J2-FLOOR,T6,44000.0
YTM-J2-FLOOR,T12,88000.0
YTM-J2-FLOOR,T24,176000.0
YTM-J2-FLOOR,PmtSel,Current PMT
YTM-J2-FLOOR,UserPmt,0.0
YTM-J2-FLOOR,TermMonths,0
YTM-J2-FLOOR,MTrailSel,12M
YTM-J2-FLOOR,TrailPct,1.0
YTM-J2-FLOOR,RateSel,Contractual
YTM-J2-FLOOR,UserRate,0.0
YTM-J2-FLOOR,LegalInit,0.0
YTM-J2-FLOOR,LegalStartM,0
YTM-J2-FLOOR,HoldCost,0.0
YTM-J2-FLOOR,LegalEndM,0
YTM-J2-FLOOR,AddBack,No
YTM-J2-FLOOR,ExitType,PIF
YTM-J2-FLOOR,DPOPct,0.25
YTM-J2-FLOOR,UserExit,0.0
YTM-J2-FLOOR,ValCapPct,1.0
YTM-J2-FLOOR,YTMTgt,0.15
YTM-J2-FLOOR,AddAccrued,No
YTM-J2-FLOOR,LiqAcrM,0
YTM-J2-FLOOR,StartMonth,1
YTM-J2-FLOOR,ExitMonth,24
YTM-J2-FLOOR,BidOverride,
YTM-J2-FLOOR,Yield,0.15
YTM-J2-FLOOR,CutoffDt,2026-07-01
YTM-J2-FLOOR,AnchorDt,2026-07-31
YTM-J2-FLOOR,MinMonthsJ2,24
YTM-J2-FLOOR,HurdleYTM,0.1
YTM-J2-FLOOR,HurdleCY,0.09
YTM-J2-FLOOR,HurdleMOIC,1.3
YTM-J2-FLOOR,RelColl,2500000.0
NPER-PMT-LT-INTEREST,LoanNo,000005100324610
NPER-PMT-LT-INTEREST,UPB,1000000.0
NPER-PMT-LT-INTEREST,IntBal,40000.0
NPER-PMT-LT-INTEREST,CRate,0.0725
NPER-PMT-LT-INTEREST,DRate,0.1225
NPER-PMT-LT-INTEREST,CPmt,5000
NPER-PMT-LT-INTEREST,MatDt,2031-06-01
NPER-PMT-LT-INTEREST,T3,22000.0
NPER-PMT-LT-INTEREST,T6,44000.0
NPER-PMT-LT-INTEREST,T12,88000.0
NPER-PMT-LT-INTEREST,T24,176000.0
NPER-PMT-LT-INTEREST,PmtSel,Current PMT
NPER-PMT-LT-INTEREST,UserPmt,0.0
NPER-PMT-LT-INTEREST,TermMonths,0
NPER-PMT-LT-INTEREST,MTrailSel,12M
NPER-PMT-LT-INTEREST,TrailPct,1.0
NPER-PMT-LT-INTEREST,RateSel,Contractual
NPER-PMT-LT-INTEREST,UserRate,0.0
NPER-PMT-LT-INTEREST,LegalInit,0.0
NPER-PMT-LT-INTEREST,LegalStartM,0
NPER-PMT-LT-INTEREST,HoldCost,0.0
NPER-PMT-LT-INTEREST,LegalEndM,0
NPER-PMT-LT-INTEREST,AddBack,No
NPER-PMT-LT-INTEREST,ExitType,PIF
NPER-PMT-LT-INTEREST,DPOPct,0.25
NPER-PMT-LT-INTEREST,UserExit,0.0
NPER-PMT-LT-INTEREST,ValCapPct,1.0
NPER-PMT-LT-INTEREST,YTMTgt,0.15
NPER-PMT-LT-INTEREST,AddAccrued,No
NPER-PMT-LT-INTEREST,LiqAcrM,0
NPER-PMT-LT-INTEREST,StartMonth,1
NPER-PMT-LT-INTEREST,ExitMonth,24
NPER-PMT-LT-INTEREST,BidOverride,
NPER-PMT-LT-INTEREST,Yield,0.15
NPER-PMT-LT-INTEREST,CutoffDt,2026-07-01
NPER-PMT-LT-INTEREST,AnchorDt,2026-07-31
NPER-PMT-LT-INTEREST,MinMonthsJ2,0
NPER-PMT-LT-INTEREST,HurdleYTM,0.1
NPER-PMT-LT-INTEREST,HurdleCY,0.09
NPER-PMT-LT-INTEREST,HurdleMOIC,1.3
NPER-PMT-LT-INTEREST,RelColl,2500000.0
NPER-BIG,LoanNo,000005100324610
NPER-BIG,UPB,1000000.0
NPER-BIG,IntBal,40000.0
NPER-BIG,CRate,0.0725
NPER-BIG,DRate,0.1225
NPER-BIG,CPmt,6100
NPER-BIG,MatDt,2031-06-01
NPER-BIG,T3,22000.0
NPER-BIG,T6,44000.0
NPER-BIG,T12,88000.0
NPER-BIG,T24,176000.0
NPER-BIG,PmtSel,Current PMT
NPER-BIG,UserPmt,0.0
NPER-BIG,TermMonths,0
NPER-BIG,MTrailSel,12M
NPER-BIG,TrailPct,1.0
NPER-BIG,RateSel,Contractual
NPER-BIG,UserRate,0.0
NPER-BIG,LegalInit,0.0
NPER-BIG,LegalStartM,0
NPER-BIG,HoldCost,0.0
NPER-BIG,LegalEndM,0
NPER-BIG,AddBack,No
NPER-BIG,ExitType,PIF
NPER-BIG,DPOPct,0.25
NPER-BIG,UserExit,0.0
NPER-BIG,ValCapPct,1.0
NPER-BIG,YTMTgt,0.15
NPER-BIG,AddAccrued,No
NPER-BIG,LiqAcrM,0
NPER-BIG,StartMonth,1
NPER-BIG,ExitMonth,24
NPER-BIG,BidOverride,
NPER-BIG,Yield,0.15
NPER-BIG,CutoffDt,2026-07-01
NPER-BIG,AnchorDt,2026-07-31
NPER-BIG,MinMonthsJ2,0
NPER-BIG,HurdleYTM,0.1
NPER-BIG,HurdleCY,0.09
NPER-BIG,HurdleMOIC,1.3
NPER-BIG,RelColl,2500000.0
OVERRIDE-NONE,LoanNo,000005100324610
OVERRIDE-NONE,UPB,1000000.0
OVERRIDE-NONE,IntBal,40000.0
OVERRIDE-NONE,CRate,0.0725
OVERRIDE-NONE,DRate,0.1225
OVERRIDE-NONE,CPmt,7500.0
OVERRIDE-NONE,MatDt,2031-06-01
OVERRIDE-NONE,T3,22000.0
OVERRIDE-NONE,T6,44000.0
OVERRIDE-NONE,T12,88000.0
OVERRIDE-NONE,T24,176000.0
OVERRIDE-NONE,PmtSel,Current PMT
OVERRIDE-NONE,UserPmt,0.0
OVERRIDE-NONE,TermMonths,0
OVERRIDE-NONE,MTrailSel,12M
OVERRIDE-NONE,TrailPct,1.0
OVERRIDE-NONE,RateSel,Contractual
OVERRIDE-NONE,UserRate,0.0
OVERRIDE-NONE,LegalInit,0.0
OVERRIDE-NONE,LegalStartM,0
OVERRIDE-NONE,HoldCost,0.0
OVERRIDE-NONE,LegalEndM,0
OVERRIDE-NONE,AddBack,No
OVERRIDE-NONE,ExitType,PIF
OVERRIDE-NONE,DPOPct,0.25
OVERRIDE-NONE,UserExit,0.0
OVERRIDE-NONE,ValCapPct,1.0
OVERRIDE-NONE,YTMTgt,0.15
OVERRIDE-NONE,AddAccrued,No
OVERRIDE-NONE,LiqAcrM,0
OVERRIDE-NONE,StartMonth,1
OVERRIDE-NONE,ExitMonth,24
OVERRIDE-NONE,BidOverride,
OVERRIDE-NONE,Yield,0.15
OVERRIDE-NONE,CutoffDt,2026-07-01
OVERRIDE-NONE,AnchorDt,2026-07-31
OVERRIDE-NONE,MinMonthsJ2,0
OVERRIDE-NONE,HurdleYTM,0.1
OVERRIDE-NONE,HurdleCY,0.09
OVERRIDE-NONE,HurdleMOIC,1.3
OVERRIDE-NONE,RelColl,2500000.0
OPT-HURDLE-HIGH,LoanNo,000005100324610
OPT-HURDLE-HIGH,UPB,1000000.0
OPT-HURDLE-HIGH,IntBal,40000.0
OPT-HURDLE-HIGH,CRate,0.0725
OPT-HURDLE-HIGH,DRate,0.1225
OPT-HURDLE-HIGH,CPmt,7500.0
OPT-HURDLE-HIGH,MatDt,2031-06-01
OPT-HURDLE-HIGH,T3,22000.0
OPT-HURDLE-HIGH,T6,44000.0
OPT-HURDLE-HIGH,T12,88000.0
OPT-HURDLE-HIGH,T24,176000.0
OPT-HURDLE-HIGH,PmtSel,Current PMT
OPT-HURDLE-HIGH,UserPmt,0.0
OPT-HURDLE-HIGH,TermMonths,0
OPT-HURDLE-HIGH,MTrailSel,12M
OPT-HURDLE-HIGH,TrailPct,1.0
OPT-HURDLE-HIGH,RateSel,Contractual
OPT-HURDLE-HIGH,UserRate,0.0
OPT-HURDLE-HIGH,LegalInit,0.0
OPT-HURDLE-HIGH,LegalStartM,0
OPT-HURDLE-HIGH,HoldCost,0.0
OPT-HURDLE-HIGH,LegalEndM,0
OPT-HURDLE-HIGH,AddBack,No
OPT-HURDLE-HIGH,ExitType,PIF
OPT-HURDLE-HIGH,DPOPct,0.25
OPT-HURDLE-HIGH,UserExit,0.0
OPT-HURDLE-HIGH,ValCapPct,1.0
OPT-HURDLE-HIGH,YTMTgt,0.15
OPT-HURDLE-HIGH,AddAccrued,No
OPT-HURDLE-HIGH,LiqAcrM,0
OPT-HURDLE-HIGH,StartMonth,1
OPT-HURDLE-HIGH,ExitMonth,24
OPT-HURDLE-HIGH,BidOverride,
OPT-HURDLE-HIGH,Yield,0.15
OPT-HURDLE-HIGH,CutoffDt,2026-07-01
OPT-HURDLE-HIGH,AnchorDt,2026-07-31
OPT-HURDLE-HIGH,MinMonthsJ2,0
OPT-HURDLE-HIGH,HurdleYTM,0.5
OPT-HURDLE-HIGH,HurdleCY,0.9
OPT-HURDLE-HIGH,HurdleMOIC,5
OPT-HURDLE-HIGH,RelColl,2500000.0
OPT-HURDLE-LOW,LoanNo,000005100324610
OPT-HURDLE-LOW,UPB,1000000.0
OPT-HURDLE-LOW,IntBal,40000.0
OPT-HURDLE-LOW,CRate,0.0725
OPT-HURDLE-LOW,DRate,0.1225
OPT-HURDLE-LOW,CPmt,7500.0
OPT-HURDLE-LOW,MatDt,2031-06-01
OPT-HURDLE-LOW,T3,22000.0
OPT-HURDLE-LOW,T6,44000.0
OPT-HURDLE-LOW,T12,88000.0
OPT-HURDLE-LOW,T24,176000.0
OPT-HURDLE-LOW,PmtSel,Current PMT
OPT-HURDLE-LOW,UserPmt,0.0
OPT-HURDLE-LOW,TermMonths,0
OPT-HURDLE-LOW,MTrailSel,12M
OPT-HURDLE-LOW,TrailPct,1.0
OPT-HURDLE-LOW,RateSel,Contractual
OPT-HURDLE-LOW,UserRate,0.0
OPT-HURDLE-LOW,LegalInit,0.0
OPT-HURDLE-LOW,LegalStartM,0
OPT-HURDLE-LOW,HoldCost,0.0
OPT-HURDLE-LOW,LegalEndM,0
OPT-HURDLE-LOW,AddBack,No
OPT-HURDLE-LOW,ExitType,PIF
OPT-HURDLE-LOW,DPOPct,0.25
OPT-HURDLE-LOW,UserExit,0.0
OPT-HURDLE-LOW,ValCapPct,1.0
OPT-HURDLE-LOW,YTMTgt,0.15
OPT-HURDLE-LOW,AddAccrued,No
OPT-HURDLE-LOW,LiqAcrM,0
OPT-HURDLE-LOW,StartMonth,1
OPT-HURDLE-LOW,ExitMonth,24
OPT-HURDLE-LOW,BidOverride,
OPT-HURDLE-LOW,Yield,0.15
OPT-HURDLE-LOW,CutoffDt,2026-07-01
OPT-HURDLE-LOW,AnchorDt,2026-07-31
OPT-HURDLE-LOW,MinMonthsJ2,0
OPT-HURDLE-LOW,HurdleYTM,0.0
OPT-HURDLE-LOW,HurdleCY,0.0
OPT-HURDLE-LOW,HurdleMOIC,0.0
OPT-HURDLE-LOW,RelColl,2500000.0
TRAIL-ZERO,LoanNo,000005100324610
TRAIL-ZERO,UPB,1000000.0
TRAIL-ZERO,IntBal,40000.0
TRAIL-ZERO,CRate,0.0725
TRAIL-ZERO,DRate,0.1225
TRAIL-ZERO,CPmt,7500.0
TRAIL-ZERO,MatDt,2031-06-01
TRAIL-ZERO,T3,0
TRAIL-ZERO,T6,0
TRAIL-ZERO,T12,0
TRAIL-ZERO,T24,0
TRAIL-ZERO,PmtSel,Current PMT
TRAIL-ZERO,UserPmt,0.0
TRAIL-ZERO,TermMonths,0
TRAIL-ZERO,MTrailSel,12M
TRAIL-ZERO,TrailPct,1.0
TRAIL-ZERO,RateSel,Contractual
TRAIL-ZERO,UserRate,0.0
TRAIL-ZERO,LegalInit,0.0
TRAIL-ZERO,LegalStartM,0
TRAIL-ZERO,HoldCost,0.0
TRAIL-ZERO,LegalEndM,0
TRAIL-ZERO,AddBack,No
TRAIL-ZERO,ExitType,PIF
TRAIL-ZERO,DPOPct,0.25
TRAIL-ZERO,UserExit,0.0
TRAIL-ZERO,ValCapPct,1.0
TRAIL-ZERO,YTMTgt,0.15
TRAIL-ZERO,AddAccrued,No
TRAIL-ZERO,LiqAcrM,0
TRAIL-ZERO,StartMonth,1
TRAIL-ZERO,ExitMonth,24
TRAIL-ZERO,BidOverride,
TRAIL-ZERO,Yield,0.15
TRAIL-ZERO,CutoffDt,2026-07-01
TRAIL-ZERO,AnchorDt,2026-07-31
TRAIL-ZERO,MinMonthsJ2,0
TRAIL-ZERO,HurdleYTM,0.1
TRAIL-ZERO,HurdleCY,0.09
TRAIL-ZERO,HurdleMOIC,1.3
TRAIL-ZERO,RelColl,2500000.0
REL-NOCOLL,LoanNo,000005100324610
REL-NOCOLL,UPB,1000000.0
REL-NOCOLL,IntBal,40000.0
REL-NOCOLL,CRate,0.0725
REL-NOCOLL,DRate,0.1225
REL-NOCOLL,CPmt,7500.0
REL-NOCOLL,MatDt,2031-06-01
REL-NOCOLL,T3,22000.0
REL-NOCOLL,T6,44000.0
REL-NOCOLL,T12,88000.0
REL-NOCOLL,T24,176000.0
REL-NOCOLL,PmtSel,Current PMT
REL-NOCOLL,UserPmt,0.0
REL-NOCOLL,TermMonths,0
REL-NOCOLL,MTrailSel,12M
REL-NOCOLL,TrailPct,1.0
REL-NOCOLL,RateSel,Contractual
REL-NOCOLL,UserRate,0.0
REL-NOCOLL,LegalInit,0.0
REL-NOCOLL,LegalStartM,0
REL-NOCOLL,HoldCost,0.0
REL-NOCOLL,LegalEndM,0
REL-NOCOLL,AddBack,No
REL-NOCOLL,ExitType,PIF
REL-NOCOLL,DPOPct,0.25
REL-NOCOLL,UserExit,0.0
REL-NOCOLL,ValCapPct,1.0
REL-NOCOLL,YTMTgt,0.15
REL-NOCOLL,AddAccrued,No
REL-NOCOLL,LiqAcrM,0
REL-NOCOLL,StartMonth,1
REL-NOCOLL,ExitMonth,24
REL-NOCOLL,BidOverride,
REL-NOCOLL,Yield,0.15
REL-NOCOLL,CutoffDt,2026-07-01
REL-NOCOLL,AnchorDt,2026-07-31
REL-NOCOLL,MinMonthsJ2,0
REL-NOCOLL,HurdleYTM,0.1
REL-NOCOLL,HurdleCY,0.09
REL-NOCOLL,HurdleMOIC,1.3
REL-NOCOLL,RelColl,0
REL-LOAN-HYPHEN,LoanNo,815102-810
REL-LOAN-HYPHEN,UPB,1000000.0
REL-LOAN-HYPHEN,IntBal,40000.0
REL-LOAN-HYPHEN,CRate,0.0725
REL-LOAN-HYPHEN,DRate,0.1225
REL-LOAN-HYPHEN,CPmt,7500.0
REL-LOAN-HYPHEN,MatDt,2031-06-01
REL-LOAN-HYPHEN,T3,22000.0
REL-LOAN-HYPHEN,T6,44000.0
REL-LOAN-HYPHEN,T12,88000.0
REL-LOAN-HYPHEN,T24,176000.0
REL-LOAN-HYPHEN,PmtSel,Current PMT
REL-LOAN-HYPHEN,UserPmt,0.0
REL-LOAN-HYPHEN,TermMonths,0
REL-LOAN-HYPHEN,MTrailSel,12M
REL-LOAN-HYPHEN,TrailPct,1.0
REL-LOAN-HYPHEN,RateSel,Contractual
REL-LOAN-HYPHEN,UserRate,0.0
REL-LOAN-HYPHEN,LegalInit,0.0
REL-LOAN-HYPHEN,LegalStartM,0
REL-LOAN-HYPHEN,HoldCost,0.0
REL-LOAN-HYPHEN,LegalEndM,0
REL-LOAN-HYPHEN,AddBack,No
REL-LOAN-HYPHEN,ExitType,PIF
REL-LOAN-HYPHEN,DPOPct,0.25
REL-LOAN-HYPHEN,UserExit,0.0
REL-LOAN-HYPHEN,ValCapPct,1.0
REL-LOAN-HYPHEN,YTMTgt,0.15
REL-LOAN-HYPHEN,AddAccrued,No
REL-LOAN-HYPHEN,LiqAcrM,0
REL-LOAN-HYPHEN,StartMonth,1
REL-LOAN-HYPHEN,ExitMonth,24
REL-LOAN-HYPHEN,BidOverride,
REL-LOAN-HYPHEN,Yield,0.15
REL-LOAN-HYPHEN,CutoffDt,2026-07-01
REL-LOAN-HYPHEN,AnchorDt,2026-07-31
REL-LOAN-HYPHEN,MinMonthsJ2,0
REL-LOAN-HYPHEN,HurdleYTM,0.1
REL-LOAN-HYPHEN,HurdleCY,0.09
REL-LOAN-HYPHEN,HurdleMOIC,1.3
REL-LOAN-HYPHEN,RelColl,2500000.0
REL-TINY,LoanNo,000005100324610
REL-TINY,UPB,25000
REL-TINY,IntBal,900
REL-TINY,CRate,0.0725
REL-TINY,DRate,0.1225
REL-TINY,CPmt,350
REL-TINY,MatDt,2031-06-01
REL-TINY,T3,1050
REL-TINY,T6,2100
REL-TINY,T12,4200
REL-TINY,T24,8400
REL-TINY,PmtSel,Current PMT
REL-TINY,UserPmt,0.0
REL-TINY,TermMonths,0
REL-TINY,MTrailSel,12M
REL-TINY,TrailPct,1.0
REL-TINY,RateSel,Contractual
REL-TINY,UserRate,0.0
REL-TINY,LegalInit,0.0
REL-TINY,LegalStartM,0
REL-TINY,HoldCost,0.0
REL-TINY,LegalEndM,0
REL-TINY,AddBack,No
REL-TINY,ExitType,PIF
REL-TINY,DPOPct,0.25
REL-TINY,UserExit,0.0
REL-TINY,ValCapPct,1.0
REL-TINY,YTMTgt,0.15
REL-TINY,AddAccrued,No
REL-TINY,LiqAcrM,0
REL-TINY,StartMonth,1
REL-TINY,ExitMonth,24
REL-TINY,BidOverride,
REL-TINY,Yield,0.15
REL-TINY,CutoffDt,2026-07-01
REL-TINY,AnchorDt,2026-07-31
REL-TINY,MinMonthsJ2,0
REL-TINY,HurdleYTM,0.1
REL-TINY,HurdleCY,0.09
REL-TINY,HurdleMOIC,1.3
REL-TINY,RelColl,2500000.0
RND-000,LoanNo,000005100324610
RND-000,UPB,2158344.92
RND-000,IntBal,41257.95
RND-000,CRate,0.09059
RND-000,DRate,0.14059
RND-000,CPmt,22395.05
RND-000,MatDt,2029-07-11
RND-000,T3,18509.17
RND-000,T6,50062.93
RND-000,T12,227707.32
RND-000,T24,455414.64
RND-000,PmtSel,% of M Trail PMT
RND-000,UserPmt,20976.86
RND-000,TermMonths,240
RND-000,MTrailSel,12M
RND-000,TrailPct,0.637
RND-000,RateSel,Default
RND-000,UserRate,0.1133
RND-000,LegalInit,0
RND-000,LegalStartM,5
RND-000,HoldCost,1000
RND-000,LegalEndM,7
RND-000,AddBack,"Yes, Both"
RND-000,ExitType,YTM Sell Solve
RND-000,DPOPct,0.444
RND-000,UserExit,1308011.83
RND-000,ValCapPct,0.986
RND-000,YTMTgt,0.0809
RND-000,AddAccrued,No
RND-000,LiqAcrM,18
RND-000,StartMonth,1
RND-000,ExitMonth,20
RND-000,BidOverride,
RND-000,Yield,0.1825
RND-000,CutoffDt,2026-07-01
RND-000,AnchorDt,2026-07-31
RND-000,MinMonthsJ2,0
RND-000,HurdleYTM,0.1
RND-000,HurdleCY,0.09
RND-000,HurdleMOIC,1.3
RND-000,RelColl,4687318.2
RND-001,LoanNo,000005100324610
RND-001,UPB,50242.4
RND-001,IntBal,2040.71
RND-001,CRate,0.0848
RND-001,DRate,0.1348
RND-001,CPmt,541.38
RND-001,MatDt,2030-05-04
RND-001,T3,460.98
RND-001,T6,2764.68
RND-001,T12,909.46
RND-001,T24,1818.92
RND-001,PmtSel,Term PMT
RND-001,UserPmt,516.83
RND-001,TermMonths,0
RND-001,MTrailSel,3M
RND-001,TrailPct,1.114
RND-001,RateSel,Contractual
RND-001,UserRate,0.0619
RND-001,LegalInit,5000
RND-001,LegalStartM,0
RND-001,HoldCost,250
RND-001,LegalEndM,0
RND-001,AddBack,"Yes, Initial Only"
RND-001,ExitType,DPO
RND-001,DPOPct,0.42
RND-001,UserExit,48815.16
RND-001,ValCapPct,0.729
RND-001,YTMTgt,0.1852
RND-001,AddAccrued,Yes
RND-001,LiqAcrM,18
RND-001,StartMonth,6
RND-001,ExitMonth,41
RND-001,BidOverride,
RND-001,Yield,0.1157
RND-001,CutoffDt,2026-07-01
RND-001,AnchorDt,2026-07-31
RND-001,MinMonthsJ2,0
RND-001,HurdleYTM,0.1
RND-001,HurdleCY,0.09
RND-001,HurdleMOIC,1.3
RND-001,RelColl,64379.11
RND-002,LoanNo,000005100324610
RND-002,UPB,2889437.97
RND-002,IntBal,14140.47
RND-002,CRate,0.10924
RND-002,DRate,0.15924
RND-002,CPmt,29979.93
RND-002,MatDt,2031-05-21
RND-002,T3,64621.44
RND-002,T6,87383.14
RND-002,T12,265932.84
RND-002,T24,531865.68
RND-002,PmtSel,Current PMT
RND-002,UserPmt,30602.81
RND-002,TermMonths,120
RND-002,MTrailSel,6M
RND-002,TrailPct,0.959
RND-002,RateSel,User Enter
RND-002,UserRate,0.1458
RND-002,LegalInit,0
RND-002,LegalStartM,5
RND-002,HoldCost,1000
RND-002,LegalEndM,24
RND-002,AddBack,No
RND-002,ExitType,DPO
RND-002,DPOPct,0.192
RND-002,UserExit,2770892.95
RND-002,ValCapPct,0.741
RND-002,YTMTgt,0.1369
RND-002,AddAccrued,No
RND-002,LiqAcrM,18
RND-002,StartMonth,4
RND-002,ExitMonth,59
RND-002,BidOverride,
RND-002,Yield,0.2477
RND-002,CutoffDt,2026-07-01
RND-002,AnchorDt,2026-07-31
RND-002,MinMonthsJ2,0
RND-002,HurdleYTM,0.1
RND-002,HurdleCY,0.09
RND-002,HurdleMOIC,1.3
RND-002,RelColl,7140849.66
RND-003,LoanNo,000005100324610
RND-003,UPB,161301.3
RND-003,IntBal,4585.18
RND-003,CRate,0.09843
RND-003,DRate,0.14843
RND-003,CPmt,1862.13
RND-003,MatDt,2028-09-26
RND-003,T3,539.32
RND-003,T6,6538.05
RND-003,T12,8532.66
RND-003,T24,17065.32
RND-003,PmtSel,Interest PMT
RND-003,UserPmt,1644.43
RND-003,TermMonths,60
RND-003,MTrailSel,3M
RND-003,TrailPct,0.807
RND-003,RateSel,Default
RND-003,UserRate,0.0882
RND-003,LegalInit,25000
RND-003,LegalStartM,0
RND-003,HoldCost,1000
RND-003,LegalEndM,0
RND-003,AddBack,No
RND-003,ExitType,Liquidation
RND-003,DPOPct,0.193
RND-003,UserExit,65354.95
RND-003,ValCapPct,0.333
RND-003,YTMTgt,0.1515
RND-003,AddAccrued,No
RND-003,LiqAcrM,0
RND-003,StartMonth,2
RND-003,ExitMonth,22
RND-003,BidOverride,
RND-003,Yield,0.0837
RND-003,CutoffDt,2026-07-01
RND-003,AnchorDt,2026-07-31
RND-003,MinMonthsJ2,0
RND-003,HurdleYTM,0.1
RND-003,HurdleCY,0.09
RND-003,HurdleMOIC,1.3
RND-003,RelColl,88923.87
RND-004,LoanNo,000005100324610
RND-004,UPB,3492190.27
RND-004,IntBal,140960.85
RND-004,CRate,0.06513
RND-004,DRate,0.11513
RND-004,CPmt,20393.32
RND-004,MatDt,2032-02-08
RND-004,T3,13571.31
RND-004,T6,87111.66
RND-004,T12,51431.73
RND-004,T24,102863.46
RND-004,PmtSel,% of M Trail PMT
RND-004,UserPmt,28290.21
RND-004,TermMonths,60
RND-004,MTrailSel,6M
RND-004,TrailPct,0.939
RND-004,RateSel,User Enter
RND-004,UserRate,0.0672
RND-004,LegalInit,5000
RND-004,LegalStartM,6
RND-004,HoldCost,1000
RND-004,LegalEndM,16
RND-004,AddBack,No
RND-004,ExitType,YTM Sell Solve
RND-004,DPOPct,0.044
RND-004,UserExit,2823069.47
RND-004,ValCapPct,0.938
RND-004,YTMTgt,0.1363
RND-004,AddAccrued,No
RND-004,LiqAcrM,18
RND-004,StartMonth,6
RND-004,ExitMonth,11
RND-004,BidOverride,
RND-004,Yield,0.2207
RND-004,CutoffDt,2026-07-01
RND-004,AnchorDt,2026-07-31
RND-004,MinMonthsJ2,0
RND-004,HurdleYTM,0.1
RND-004,HurdleCY,0.09
RND-004,HurdleMOIC,1.3
RND-004,RelColl,2156979.36
RND-005,LoanNo,000005100324610
RND-005,UPB,156679.58
RND-005,IntBal,5169.86
RND-005,CRate,0.06658
RND-005,DRate,0.11658
RND-005,CPmt,1322.3
RND-005,MatDt,2034-03-25
RND-005,T3,197.52
RND-005,T6,6890.69
RND-005,T12,14721.38
RND-005,T24,29442.76
RND-005,PmtSel,User PMT
RND-005,UserPmt,827.95
RND-005,TermMonths,60
RND-005,MTrailSel,3M
RND-005,TrailPct,0.613
RND-005,RateSel,Default
RND-005,UserRate,0.0619
RND-005,LegalInit,5000
RND-005,LegalStartM,2
RND-005,HoldCost,0
RND-005,LegalEndM,21
RND-005,AddBack,"Yes, Both"
RND-005,ExitType,Liquidation
RND-005,DPOPct,0.137
RND-005,UserExit,158109.5
RND-005,ValCapPct,0.411
RND-005,YTMTgt,0.1803
RND-005,AddAccrued,Yes
RND-005,LiqAcrM,0
RND-005,StartMonth,3
RND-005,ExitMonth,5
RND-005,BidOverride,
RND-005,Yield,0.1492
RND-005,CutoffDt,2026-07-01
RND-005,AnchorDt,2026-07-31
RND-005,MinMonthsJ2,0
RND-005,HurdleYTM,0.1
RND-005,HurdleCY,0.09
RND-005,HurdleMOIC,1.3
RND-005,RelColl,307789.29
RND-006,LoanNo,000005100324610
RND-006,UPB,984030.84
RND-006,IntBal,48645.87
RND-006,CRate,0.12708
RND-006,DRate,0.17708
RND-006,CPmt,12524.84
RND-006,MatDt,2028-12-25
RND-006,T3,30529.9
RND-006,T6,64240.31
RND-006,T12,29928.05
RND-006,T24,59856.1
RND-006,PmtSel,User PMT
RND-006,UserPmt,17175.61
RND-006,TermMonths,60
RND-006,MTrailSel,3M
RND-006,TrailPct,0.774
RND-006,RateSel,Default
RND-006,UserRate,0.0539
RND-006,LegalInit,0
RND-006,LegalStartM,0
RND-006,HoldCost,250
RND-006,LegalEndM,0
RND-006,AddBack,"Yes, Both"
RND-006,ExitType,IRR Solve
RND-006,DPOPct,0.068
RND-006,UserExit,1032338.36
RND-006,ValCapPct,0.969
RND-006,YTMTgt,0.0906
RND-006,AddAccrued,No
RND-006,LiqAcrM,6
RND-006,StartMonth,5
RND-006,ExitMonth,22
RND-006,BidOverride,
RND-006,Yield,0.2453
RND-006,CutoffDt,2026-07-01
RND-006,AnchorDt,2026-07-31
RND-006,MinMonthsJ2,0
RND-006,HurdleYTM,0.1
RND-006,HurdleCY,0.09
RND-006,HurdleMOIC,1.3
RND-006,RelColl,1330054.97
RND-007,LoanNo,000005100324610
RND-007,UPB,332474.07
RND-007,IntBal,9186.47
RND-007,CRate,0.06352
RND-007,DRate,0.11352
RND-007,CPmt,1696.52
RND-007,MatDt,2031-12-11
RND-007,T3,2139.17
RND-007,T6,3514.03
RND-007,T12,1377.45
RND-007,T24,2754.9
RND-007,PmtSel,User PMT
RND-007,UserPmt,1816.05
RND-007,TermMonths,240
RND-007,MTrailSel,3M
RND-007,TrailPct,0.937
RND-007,RateSel,Default
RND-007,UserRate,0.038
RND-007,LegalInit,5000
RND-007,LegalStartM,8
RND-007,HoldCost,250
RND-007,LegalEndM,15
RND-007,AddBack,No
RND-007,ExitType,User Enter
RND-007,DPOPct,0.36
RND-007,UserExit,228594.51
RND-007,ValCapPct,0.542
RND-007,YTMTgt,0.1904
RND-007,AddAccrued,No
RND-007,LiqAcrM,18
RND-007,StartMonth,5
RND-007,ExitMonth,51
RND-007,BidOverride,
RND-007,Yield,0.248
RND-007,CutoffDt,2026-07-01
RND-007,AnchorDt,2026-07-31
RND-007,MinMonthsJ2,0
RND-007,HurdleYTM,0.1
RND-007,HurdleCY,0.09
RND-007,HurdleMOIC,1.3
RND-007,RelColl,767987.15
RND-008,LoanNo,000005100324610
RND-008,UPB,345872.21
RND-008,IntBal,19832.51
RND-008,CRate,0.07413
RND-008,DRate,0.12413
RND-008,CPmt,3373.71
RND-008,MatDt,2034-02-19
RND-008,T3,5104.71
RND-008,T6,17432.89
RND-008,T12,37791.69
RND-008,T24,75583.38
RND-008,PmtSel,Term PMT
RND-008,UserPmt,3660.59
RND-008,TermMonths,0
RND-008,MTrailSel,12M
RND-008,TrailPct,1.054
RND-008,RateSel,Contractual
RND-008,UserRate,0.0347
RND-008,LegalInit,25000
RND-008,LegalStartM,3
RND-008,HoldCost,250
RND-008,LegalEndM,25
RND-008,AddBack,"Yes, Initial Only"
RND-008,ExitType,PIF
RND-008,DPOPct,0.106
RND-008,UserExit,320350.1
RND-008,ValCapPct,0.82
RND-008,YTMTgt,0.1523
RND-008,AddAccrued,Yes
RND-008,LiqAcrM,6
RND-008,StartMonth,4
RND-008,ExitMonth,15
RND-008,BidOverride,
RND-008,Yield,0.0989
RND-008,CutoffDt,2026-07-01
RND-008,AnchorDt,2026-07-31
RND-008,MinMonthsJ2,0
RND-008,HurdleYTM,0.1
RND-008,HurdleCY,0.09
RND-008,HurdleMOIC,1.3
RND-008,RelColl,576305.43
RND-009,LoanNo,000005100324610
RND-009,UPB,47619.56
RND-009,IntBal,1403.67
RND-009,CRate,0.07677
RND-009,DRate,0.12677
RND-009,CPmt,403.58
RND-009,MatDt,2032-06-05
RND-009,T3,411.17
RND-009,T6,1502.93
RND-009,T12,2678.43
RND-009,T24,5356.86
RND-009,PmtSel,Term PMT
RND-009,UserPmt,582.08
RND-009,TermMonths,240
RND-009,MTrailSel,12M
RND-009,TrailPct,0.814
RND-009,RateSel,Contractual
RND-009,UserRate,0.0942
RND-009,LegalInit,0
RND-009,LegalStartM,0
RND-009,HoldCost,1000
RND-009,LegalEndM,0
RND-009,AddBack,No
RND-009,ExitType,IRR Solve
RND-009,DPOPct,0.112
RND-009,UserExit,49655.03
RND-009,ValCapPct,0.784
RND-009,YTMTgt,0.1338
RND-009,AddAccrued,Yes
RND-009,LiqAcrM,6
RND-009,StartMonth,4
RND-009,ExitMonth,34
RND-009,BidOverride,
RND-009,Yield,0.1461
RND-009,CutoffDt,2026-07-01
RND-009,AnchorDt,2026-07-31
RND-009,MinMonthsJ2,0
RND-009,HurdleYTM,0.1
RND-009,HurdleCY,0.09
RND-009,HurdleMOIC,1.3
RND-009,RelColl,107727.73
RND-010,LoanNo,000005100324610
RND-010,UPB,2811043.24
RND-010,IntBal,65321.94
RND-010,CRate,0.06875
RND-010,DRate,0.11875
RND-010,CPmt,19103.63
RND-010,MatDt,2028-12-08
RND-010,T3,6752.01
RND-010,T6,31533.74
RND-010,T12,103623.37
RND-010,T24,207246.74
RND-010,PmtSel,% of M Trail PMT
RND-010,UserPmt,20576.72
RND-010,TermMonths,120
RND-010,MTrailSel,6M
RND-010,TrailPct,0.557
RND-010,RateSel,Default
RND-010,UserRate,0.1007
RND-010,LegalInit,0
RND-010,LegalStartM,0
RND-010,HoldCost,250
RND-010,LegalEndM,0
RND-010,AddBack,"Yes, Both"
RND-010,ExitType,Value Cap
RND-010,DPOPct,0.204
RND-010,UserExit,1561669.47
RND-010,ValCapPct,0.765
RND-010,YTMTgt,0.1706
RND-010,AddAccrued,No
RND-010,LiqAcrM,0
RND-010,StartMonth,3
RND-010,ExitMonth,13
RND-010,BidOverride,
RND-010,Yield,0.1314
RND-010,CutoffDt,2026-07-01
RND-010,AnchorDt,2026-07-31
RND-010,MinMonthsJ2,0
RND-010,HurdleYTM,0.1
RND-010,HurdleCY,0.09
RND-010,HurdleMOIC,1.3
RND-010,RelColl,5413908.98
RND-011,LoanNo,000005100324610
RND-011,UPB,347342.53
RND-011,IntBal,12343.72
RND-011,CRate,0.1119
RND-011,DRate,0.1619
RND-011,CPmt,4984.29
RND-011,MatDt,2027-11-22
RND-011,T3,13480.61
RND-011,T6,20947.71
RND-011,T12,51905.35
RND-011,T24,103810.7
RND-011,PmtSel,Current PMT
RND-011,UserPmt,6384.33
RND-011,TermMonths,0
RND-011,MTrailSel,3M
RND-011,TrailPct,0.912
RND-011,RateSel,User Enter
RND-011,UserRate,0.0561
RND-011,LegalInit,25000
RND-011,LegalStartM,0
RND-011,HoldCost,0
RND-011,LegalEndM,0
RND-011,AddBack,"Yes, Initial Only"
RND-011,ExitType,IRR Solve
RND-011,DPOPct,0.32
RND-011,UserExit,216998.83
RND-011,ValCapPct,0.548
RND-011,YTMTgt,0.134
RND-011,AddAccrued,No
RND-011,LiqAcrM,6
RND-011,StartMonth,3
RND-011,ExitMonth,56
RND-011,BidOverride,
RND-011,Yield,0.2042
RND-011,CutoffDt,2026-07-01
RND-011,AnchorDt,2026-07-31
RND-011,MinMonthsJ2,0
RND-011,HurdleYTM,0.1
RND-011,HurdleCY,0.09
RND-011,HurdleMOIC,1.3
RND-011,RelColl,12318.8
RND-012,LoanNo,000005100324610
RND-012,UPB,196068.11
RND-012,IntBal,500.46
RND-012,CRate,0.05225
RND-012,DRate,0.10225
RND-012,CPmt,1335.16
RND-012,MatDt,2031-01-12
RND-012,T3,3445.25
RND-012,T6,561.61
RND-012,T12,13300.29
RND-012,T24,26600.58
RND-012,PmtSel,% of M Trail PMT
RND-012,UserPmt,1391.68
RND-012,TermMonths,60
RND-012,MTrailSel,3M
RND-012,TrailPct,0.781
RND-012,RateSel,Default
RND-012,UserRate,0.1224
RND-012,LegalInit,0
RND-012,LegalStartM,0
RND-012,HoldCost,250
RND-012,LegalEndM,0
RND-012,AddBack,"Yes, Initial Only"
RND-012,ExitType,Value Cap
RND-012,DPOPct,0.478
RND-012,UserExit,120013.63
RND-012,ValCapPct,0.31
RND-012,YTMTgt,0.1553
RND-012,AddAccrued,Yes
RND-012,LiqAcrM,6
RND-012,StartMonth,2
RND-012,ExitMonth,7
RND-012,BidOverride,
RND-012,Yield,0.1717
RND-012,CutoffDt,2026-07-01
RND-012,AnchorDt,2026-07-31
RND-012,MinMonthsJ2,0
RND-012,HurdleYTM,0.1
RND-012,HurdleCY,0.09
RND-012,HurdleMOIC,1.3
RND-012,RelColl,380177.1
RND-013,LoanNo,000005100324610
RND-013,UPB,285972.5
RND-013,IntBal,15898.66
RND-013,CRate,0.10943
RND-013,DRate,0.15943
RND-013,CPmt,3818.34
RND-013,MatDt,2034-01-27
RND-013,T3,8764.06
RND-013,T6,11886.86
RND-013,T12,41158.78
RND-013,T24,82317.56
RND-013,PmtSel,Interest PMT
RND-013,UserPmt,5290.84
RND-013,TermMonths,240
RND-013,MTrailSel,6M
RND-013,TrailPct,0.891
RND-013,RateSel,Default
RND-013,UserRate,0.1494
RND-013,LegalInit,0
RND-013,LegalStartM,4
RND-013,HoldCost,250
RND-013,LegalEndM,24
RND-013,AddBack,No
RND-013,ExitType,Liquidation
RND-013,DPOPct,0.385
RND-013,UserExit,89693.83
RND-013,ValCapPct,0.446
RND-013,YTMTgt,0.1841
RND-013,AddAccrued,Yes
RND-013,LiqAcrM,6
RND-013,StartMonth,3
RND-013,ExitMonth,30
RND-013,BidOverride,
RND-013,Yield,0.1706
RND-013,CutoffDt,2026-07-01
RND-013,AnchorDt,2026-07-31
RND-013,MinMonthsJ2,0
RND-013,HurdleYTM,0.1
RND-013,HurdleCY,0.09
RND-013,HurdleMOIC,1.3
RND-013,RelColl,594879.87
RND-014,LoanNo,000005100324610
RND-014,UPB,1107258.06
RND-014,IntBal,2600.28
RND-014,CRate,0.07111
RND-014,DRate,0.12111
RND-014,CPmt,7622.34
RND-014,MatDt,2028-01-15
RND-014,T3,15138.91
RND-014,T6,11485.91
RND-014,T12,73173.93
RND-014,T24,146347.86
RND-014,PmtSel,Term PMT
RND-014,UserPmt,7851.92
RND-014,TermMonths,0
RND-014,MTrailSel,6M
RND-014,TrailPct,1.032
RND-014,RateSel,Contractual
RND-014,UserRate,0.1069
RND-014,LegalInit,25000
RND-014,LegalStartM,0
RND-014,HoldCost,1000
RND-014,LegalEndM,0
RND-014,AddBack,No
RND-014,ExitType,Value Cap
RND-014,DPOPct,0.045
RND-014,UserExit,512935.51
RND-014,ValCapPct,0.625
RND-014,YTMTgt,0.0911
RND-014,AddAccrued,No
RND-014,LiqAcrM,6
RND-014,StartMonth,4
RND-014,ExitMonth,12
RND-014,BidOverride,
RND-014,Yield,0.2238
RND-014,CutoffDt,2026-07-01
RND-014,AnchorDt,2026-07-31
RND-014,MinMonthsJ2,0
RND-014,HurdleYTM,0.1
RND-014,HurdleCY,0.09
RND-014,HurdleMOIC,1.3
RND-014,RelColl,89090.48
RND-015,LoanNo,000005100324610
RND-015,UPB,36909.14
RND-015,IntBal,1382.88
RND-015,CRate,0.06374
RND-015,DRate,0.11374
RND-015,CPmt,297.27
RND-015,MatDt,2028-04-06
RND-015,T3,817.78
RND-015,T6,568.78
RND-015,T12,3139.02
RND-015,T24,6278.04
RND-015,PmtSel,Current PMT
RND-015,UserPmt,392.9
RND-015,TermMonths,120
RND-015,MTrailSel,6M
RND-015,TrailPct,1.084
RND-015,RateSel,Contractual
RND-015,UserRate,0.0473
RND-015,LegalInit,25000
RND-015,LegalStartM,0
RND-015,HoldCost,1000
RND-015,LegalEndM,0
RND-015,AddBack,"Yes, Initial Only"
RND-015,ExitType,User Enter
RND-015,DPOPct,0.238
RND-015,UserExit,21730.64
RND-015,ValCapPct,0.412
RND-015,YTMTgt,0.1438
RND-015,AddAccrued,Yes
RND-015,LiqAcrM,6
RND-015,StartMonth,5
RND-015,ExitMonth,18
RND-015,BidOverride,
RND-015,Yield,0.0832
RND-015,CutoffDt,2026-07-01
RND-015,AnchorDt,2026-07-31
RND-015,MinMonthsJ2,0
RND-015,HurdleYTM,0.1
RND-015,HurdleCY,0.09
RND-015,HurdleMOIC,1.3
RND-015,RelColl,21111.61
RND-016,LoanNo,000005100324610
RND-016,UPB,1224908.1
RND-016,IntBal,51479.93
RND-016,CRate,0.09977
RND-016,DRate,0.14977
RND-016,CPmt,11515.96
RND-016,MatDt,2034-11-27
RND-016,T3,13756.72
RND-016,T6,44117.8
RND-016,T12,78687.87
RND-016,T24,157375.74
RND-016,PmtSel,Term PMT
RND-016,UserPmt,9485.64
RND-016,TermMonths,240
RND-016,MTrailSel,6M
RND-016,TrailPct,1.006
RND-016,RateSel,Contractual
RND-016,UserRate,0.1275
RND-016,LegalInit,25000
RND-016,LegalStartM,0
RND-016,HoldCost,1000
RND-016,LegalEndM,0
RND-016,AddBack,"Yes, Both"
RND-016,ExitType,Liquidation
RND-016,DPOPct,0.044
RND-016,UserExit,648654.18
RND-016,ValCapPct,0.394
RND-016,YTMTgt,0.1843
RND-016,AddAccrued,Yes
RND-016,LiqAcrM,0
RND-016,StartMonth,4
RND-016,ExitMonth,45
RND-016,BidOverride,
RND-016,Yield,0.2139
RND-016,CutoffDt,2026-07-01
RND-016,AnchorDt,2026-07-31
RND-016,MinMonthsJ2,0
RND-016,HurdleYTM,0.1
RND-016,HurdleCY,0.09
RND-016,HurdleMOIC,1.3
RND-016,RelColl,598208.62
RND-017,LoanNo,000005100324610
RND-017,UPB,3422764.35
RND-017,IntBal,66859.74
RND-017,CRate,0.13991
RND-017,DRate,0.18991
RND-017,CPmt,42286.52
RND-017,MatDt,2031-12-01
RND-017,T3,28376.17
RND-017,T6,167150.89
RND-017,T12,128421.28
RND-017,T24,256842.56
RND-017,PmtSel,User PMT
RND-017,UserPmt,32478.33
RND-017,TermMonths,240
RND-017,MTrailSel,3M
RND-017,TrailPct,0.779
RND-017,RateSel,Default
RND-017,UserRate,0.1195
RND-017,LegalInit,25000
RND-017,LegalStartM,0
RND-017,HoldCost,1000
RND-017,LegalEndM,0
RND-017,AddBack,No
RND-017,ExitType,User Enter
RND-017,DPOPct,0.238
RND-017,UserExit,1775320.18
RND-017,ValCapPct,0.939
RND-017,YTMTgt,0.1006
RND-017,AddAccrued,Yes
RND-017,LiqAcrM,6
RND-017,StartMonth,3
RND-017,ExitMonth,23
RND-017,BidOverride,
RND-017,Yield,0.2044
RND-017,CutoffDt,2026-07-01
RND-017,AnchorDt,2026-07-31
RND-017,MinMonthsJ2,0
RND-017,HurdleYTM,0.1
RND-017,HurdleCY,0.09
RND-017,HurdleMOIC,1.3
RND-017,RelColl,6850794.76
RND-018,LoanNo,000005100324610
RND-018,UPB,38333.14
RND-018,IntBal,1351.64
RND-018,CRate,0.10199
RND-018,DRate,0.15199
RND-018,CPmt,512.04
RND-018,MatDt,2028-09-27
RND-018,T3,1077.41
RND-018,T6,1888.83
RND-018,T12,2328.4
RND-018,T24,4656.8
RND-018,PmtSel,User PMT
RND-018,UserPmt,558.32
RND-018,TermMonths,240
RND-018,MTrailSel,12M
RND-018,TrailPct,1.118
RND-018,RateSel,Default
RND-018,UserRate,0.1431
RND-018,LegalInit,0
RND-018,LegalStartM,0
RND-018,HoldCost,0
RND-018,LegalEndM,0
RND-018,AddBack,"Yes, Both"
RND-018,ExitType,PIF
RND-018,DPOPct,0.09
RND-018,UserExit,24879.2
RND-018,ValCapPct,0.582
RND-018,YTMTgt,0.1279
RND-018,AddAccrued,Yes
RND-018,LiqAcrM,0
RND-018,StartMonth,4
RND-018,ExitMonth,51
RND-018,BidOverride,
RND-018,Yield,0.2224
RND-018,CutoffDt,2026-07-01
RND-018,AnchorDt,2026-07-31
RND-018,MinMonthsJ2,0
RND-018,HurdleYTM,0.1
RND-018,HurdleCY,0.09
RND-018,HurdleMOIC,1.3
RND-018,RelColl,57340.12
RND-019,LoanNo,000005100324610
RND-019,UPB,30131.59
RND-019,IntBal,1305.49
RND-019,CRate,0.05294
RND-019,DRate,0.10294
RND-019,CPmt,122.39
RND-019,MatDt,2035-08-26
RND-019,T3,118.26
RND-019,T6,528.95
RND-019,T12,1118.91
RND-019,T24,2237.82
RND-019,PmtSel,Term PMT
RND-019,UserPmt,148.96
RND-019,TermMonths,0
RND-019,MTrailSel,12M
RND-019,TrailPct,0.731
RND-019,RateSel,User Enter
RND-019,UserRate,0.142
RND-019,LegalInit,5000
RND-019,LegalStartM,5
RND-019,HoldCost,0
RND-019,LegalEndM,7
RND-019,AddBack,No
RND-019,ExitType,Value Cap
RND-019,DPOPct,0.082
RND-019,UserExit,20133.93
RND-019,ValCapPct,0.663
RND-019,YTMTgt,0.1841
RND-019,AddAccrued,Yes
RND-019,LiqAcrM,6
RND-019,StartMonth,1
RND-019,ExitMonth,37
RND-019,BidOverride,
RND-019,Yield,0.0839
RND-019,CutoffDt,2026-07-01
RND-019,AnchorDt,2026-07-31
RND-019,MinMonthsJ2,0
RND-019,HurdleYTM,0.1
RND-019,HurdleCY,0.09
RND-019,HurdleMOIC,1.3
RND-019,RelColl,42913.19
RND-020,LoanNo,000005100324610
RND-020,UPB,650747.87
RND-020,IntBal,1044.97
RND-020,CRate,0.11328
RND-020,DRate,0.16328
RND-020,CPmt,6967.21
RND-020,MatDt,2031-01-04
RND-020,T3,3031.74
RND-020,T6,965.53
RND-020,T12,14126.67
RND-020,T24,28253.34
RND-020,PmtSel,Current PMT
RND-020,UserPmt,8515.11
RND-020,TermMonths,240
RND-020,MTrailSel,12M
RND-020,TrailPct,0.954
RND-020,RateSel,User Enter
RND-020,UserRate,0.0845
RND-020,LegalInit,5000
RND-020,LegalStartM,0
RND-020,HoldCost,0
RND-020,LegalEndM,0
RND-020,AddBack,"Yes, Initial Only"
RND-020,ExitType,YTM Sell Solve
RND-020,DPOPct,0.184
RND-020,UserExit,454731.64
RND-020,ValCapPct,0.694
RND-020,YTMTgt,0.0989
RND-020,AddAccrued,Yes
RND-020,LiqAcrM,0
RND-020,StartMonth,2
RND-020,ExitMonth,5
RND-020,BidOverride,
RND-020,Yield,0.1246
RND-020,CutoffDt,2026-07-01
RND-020,AnchorDt,2026-07-31
RND-020,MinMonthsJ2,0
RND-020,HurdleYTM,0.1
RND-020,HurdleCY,0.09
RND-020,HurdleMOIC,1.3
RND-020,RelColl,202718.41
RND-021,LoanNo,000005100324610
RND-021,UPB,2526117.41
RND-021,IntBal,148172.09
RND-021,CRate,0.09996
RND-021,DRate,0.14996
RND-021,CPmt,27834.21
RND-021,MatDt,2034-12-01
RND-021,T3,9259.72
RND-021,T6,149664.96
RND-021,T12,177487.96
RND-021,T24,354975.92
RND-021,PmtSel,Current PMT
RND-021,UserPmt,34576.64
RND-021,TermMonths,60
RND-021,MTrailSel,12M
RND-021,TrailPct,1.149
RND-021,RateSel,User Enter
RND-021,UserRate,0.0351
RND-021,LegalInit,5000
RND-021,LegalStartM,0
RND-021,HoldCost,1000
RND-021,LegalEndM,0
RND-021,AddBack,No
RND-021,ExitType,IRR Solve
RND-021,DPOPct,0.315
RND-021,UserExit,1774806.3
RND-021,ValCapPct,0.685
RND-021,YTMTgt,0.125
RND-021,AddAccrued,No
RND-021,LiqAcrM,0
RND-021,StartMonth,3
RND-021,ExitMonth,8
RND-021,BidOverride,
RND-021,Yield,0.2393
RND-021,CutoffDt,2026-07-01
RND-021,AnchorDt,2026-07-31
RND-021,MinMonthsJ2,0
RND-021,HurdleYTM,0.1
RND-021,HurdleCY,0.09
RND-021,HurdleMOIC,1.3
RND-021,RelColl,2747843.28
RND-022,LoanNo,000005100324610
RND-022,UPB,2298676.46
RND-022,IntBal,57439.65
RND-022,CRate,0.04237
RND-022,DRate,0.09237
RND-022,CPmt,11875.56
RND-022,MatDt,2034-06-07
RND-022,T3,19398.8
RND-022,T6,45085.72
RND-022,T12,100782.72
RND-022,T24,201565.44
RND-022,PmtSel,User PMT
RND-022,UserPmt,9516.22
RND-022,TermMonths,0
RND-022,MTrailSel,6M
RND-022,TrailPct,0.588
RND-022,RateSel,Contractual
RND-022,UserRate,0.0343
RND-022,LegalInit,5000
RND-022,LegalStartM,0
RND-022,HoldCost,1000
RND-022,LegalEndM,0
RND-022,AddBack,"Yes, Initial Only"
RND-022,ExitType,Value Cap
RND-022,DPOPct,0.246
RND-022,UserExit,1515814.63
RND-022,ValCapPct,0.666
RND-022,YTMTgt,0.1129
RND-022,AddAccrued,Yes
RND-022,LiqAcrM,18
RND-022,StartMonth,2
RND-022,ExitMonth,25
RND-022,BidOverride,
RND-022,Yield,0.1329
RND-022,CutoffDt,2026-07-01
RND-022,AnchorDt,2026-07-31
RND-022,MinMonthsJ2,0
RND-022,HurdleYTM,0.1
RND-022,HurdleCY,0.09
RND-022,HurdleMOIC,1.3
RND-022,RelColl,2778141.82
RND-023,LoanNo,000005100324610
RND-023,UPB,745294.99
RND-023,IntBal,10085.02
RND-023,CRate,0.13919
RND-023,DRate,0.18919
RND-023,CPmt,8696.65
RND-023,MatDt,2030-06-21
RND-023,T3,2443.06
RND-023,T6,50378.86
RND-023,T12,32701.78
RND-023,T24,65403.56
RND-023,PmtSel,% of M Trail PMT
RND-023,UserPmt,10539.17
RND-023,TermMonths,120
RND-023,MTrailSel,3M
RND-023,TrailPct,0.993
RND-023,RateSel,Default
RND-023,UserRate,0.1225
RND-023,LegalInit,25000
RND-023,LegalStartM,0
RND-023,HoldCost,0
RND-023,LegalEndM,0
RND-023,AddBack,"Yes, Both"
RND-023,ExitType,IRR Solve
RND-023,DPOPct,0.111
RND-023,UserExit,477360.3
RND-023,ValCapPct,0.834
RND-023,YTMTgt,0.0975
RND-023,AddAccrued,No
RND-023,LiqAcrM,0
RND-023,StartMonth,2
RND-023,ExitMonth,12
RND-023,BidOverride,
RND-023,Yield,0.0917
RND-023,CutoffDt,2026-07-01
RND-023,AnchorDt,2026-07-31
RND-023,MinMonthsJ2,0
RND-023,HurdleYTM,0.1
RND-023,HurdleCY,0.09
RND-023,HurdleMOIC,1.3
RND-023,RelColl,163100.33
RND-024,LoanNo,000005100324610
RND-024,UPB,224753.03
RND-024,IntBal,3425.43
RND-024,CRate,0.11703
RND-024,DRate,0.16703
RND-024,CPmt,3059.66
RND-024,MatDt,2033-12-17
RND-024,T3,5474.82
RND-024,T6,7134.38
RND-024,T12,12076.27
RND-024,T24,24152.54
RND-024,PmtSel,Interest PMT
RND-024,UserPmt,2991.81
RND-024,TermMonths,0
RND-024,MTrailSel,3M
RND-024,TrailPct,0.532
RND-024,RateSel,Default
RND-024,UserRate,0.0985
RND-024,LegalInit,5000
RND-024,LegalStartM,10
RND-024,HoldCost,1000
RND-024,LegalEndM,20
RND-024,AddBack,"Yes, Initial Only"
RND-024,ExitType,YTM Sell Solve
RND-024,DPOPct,0.469
RND-024,UserExit,214321.65
RND-024,ValCapPct,0.962
RND-024,YTMTgt,0.1197
RND-024,AddAccrued,No
RND-024,LiqAcrM,6
RND-024,StartMonth,4
RND-024,ExitMonth,8
RND-024,BidOverride,
RND-024,Yield,0.1912
RND-024,CutoffDt,2026-07-01
RND-024,AnchorDt,2026-07-31
RND-024,MinMonthsJ2,0
RND-024,HurdleYTM,0.1
RND-024,HurdleCY,0.09
RND-024,HurdleMOIC,1.3
RND-024,RelColl,432737.45
RND-025,LoanNo,000005100324610
RND-025,UPB,315650.63
RND-025,IntBal,10179.13
RND-025,CRate,0.07985
RND-025,DRate,0.12985
RND-025,CPmt,2329.55
RND-025,MatDt,2030-03-19
RND-025,T3,6025.36
RND-025,T6,2453.32
RND-025,T12,13289.49
RND-025,T24,26578.98
RND-025,PmtSel,Term PMT
RND-025,UserPmt,1425.01
RND-025,TermMonths,60
RND-025,MTrailSel,12M
RND-025,TrailPct,0.6
RND-025,RateSel,User Enter
RND-025,UserRate,0.064
RND-025,LegalInit,0
RND-025,LegalStartM,0
RND-025,HoldCost,250
RND-025,LegalEndM,0
RND-025,AddBack,No
RND-025,ExitType,DPO
RND-025,DPOPct,0.205
RND-025,UserExit,128307.94
RND-025,ValCapPct,0.807
RND-025,YTMTgt,0.1305
RND-025,AddAccrued,No
RND-025,LiqAcrM,6
RND-025,StartMonth,3
RND-025,ExitMonth,48
RND-025,BidOverride,
RND-025,Yield,0.1846
RND-025,CutoffDt,2026-07-01
RND-025,AnchorDt,2026-07-31
RND-025,MinMonthsJ2,0
RND-025,HurdleYTM,0.1
RND-025,HurdleCY,0.09
RND-025,HurdleMOIC,1.3
RND-025,RelColl,150660.37
RND-026,LoanNo,000005100324610
RND-026,UPB,54857.12
RND-026,IntBal,970.61
RND-026,CRate,0.08141
RND-026,DRate,0.13141
RND-026,CPmt,421.26
RND-026,MatDt,2028-10-05
RND-026,T3,115.24
RND-026,T6,1564.3
RND-026,T12,4320.22
RND-026,T24,8640.44
RND-026,PmtSel,Term PMT
RND-026,UserPmt,303.17
RND-026,TermMonths,60
RND-026,MTrailSel,12M
RND-026,TrailPct,0.512
RND-026,RateSel,User Enter
RND-026,UserRate,0.0407
RND-026,LegalInit,0
RND-026,LegalStartM,0
RND-026,HoldCost,0
RND-026,LegalEndM,0
RND-026,AddBack,"Yes, Both"
RND-026,ExitType,DPO
RND-026,DPOPct,0.379
RND-026,UserExit,39426.66
RND-026,ValCapPct,0.883
RND-026,YTMTgt,0.1533
RND-026,AddAccrued,No
RND-026,LiqAcrM,0
RND-026,StartMonth,1
RND-026,ExitMonth,11
RND-026,BidOverride,
RND-026,Yield,0.1889
RND-026,CutoffDt,2026-07-01
RND-026,AnchorDt,2026-07-31
RND-026,MinMonthsJ2,0
RND-026,HurdleYTM,0.1
RND-026,HurdleCY,0.09
RND-026,HurdleMOIC,1.3
RND-026,RelColl,21880.88
RND-027,LoanNo,000005100324610
RND-027,UPB,328377.22
RND-027,IntBal,372.86
RND-027,CRate,0.12124
RND-027,DRate,0.17124
RND-027,CPmt,5099.83
RND-027,MatDt,2034-05-12
RND-027,T3,14106.27
RND-027,T6,8768.32
RND-027,T12,49217.41
RND-027,T24,98434.82
RND-027,PmtSel,% of M Trail PMT
RND-027,UserPmt,4043.62
RND-027,TermMonths,120
RND-027,MTrailSel,12M
RND-027,TrailPct,1.164
RND-027,RateSel,Contractual
RND-027,UserRate,0.1202
RND-027,LegalInit,5000
RND-027,LegalStartM,10
RND-027,HoldCost,1000
RND-027,LegalEndM,34
RND-027,AddBack,"Yes, Both"
RND-027,ExitType,IRR Solve
RND-027,DPOPct,0.354
RND-027,UserExit,315338.77
RND-027,ValCapPct,0.632
RND-027,YTMTgt,0.1117
RND-027,AddAccrued,Yes
RND-027,LiqAcrM,18
RND-027,StartMonth,6
RND-027,ExitMonth,35
RND-027,BidOverride,
RND-027,Yield,0.167
RND-027,CutoffDt,2026-07-01
RND-027,AnchorDt,2026-07-31
RND-027,MinMonthsJ2,0
RND-027,HurdleYTM,0.1
RND-027,HurdleCY,0.09
RND-027,HurdleMOIC,1.3
RND-027,RelColl,169032.72
RND-028,LoanNo,000005100324610
RND-028,UPB,336936.78
RND-028,IntBal,18222.98
RND-028,CRate,0.07926
RND-028,DRate,0.12926
RND-028,CPmt,2529.07
RND-028,MatDt,2033-07-09
RND-028,T3,4239.69
RND-028,T6,3068.93
RND-028,T12,17019.66
RND-028,T24,34039.32
RND-028,PmtSel,Term PMT
RND-028,UserPmt,1325.44
RND-028,TermMonths,240
RND-028,MTrailSel,12M
RND-028,TrailPct,0.547
RND-028,RateSel,Default
RND-028,UserRate,0.1405
RND-028,LegalInit,5000
RND-028,LegalStartM,0
RND-028,HoldCost,250
RND-028,LegalEndM,0
RND-028,AddBack,No
RND-028,ExitType,Value Cap
RND-028,DPOPct,0.386
RND-028,UserExit,171699.19
RND-028,ValCapPct,0.548
RND-028,YTMTgt,0.1916
RND-028,AddAccrued,Yes
RND-028,LiqAcrM,6
RND-028,StartMonth,3
RND-028,ExitMonth,59
RND-028,BidOverride,
RND-028,Yield,0.1182
RND-028,CutoffDt,2026-07-01
RND-028,AnchorDt,2026-07-31
RND-028,MinMonthsJ2,0
RND-028,HurdleYTM,0.1
RND-028,HurdleCY,0.09
RND-028,HurdleMOIC,1.3
RND-028,RelColl,805800.55
RND-029,LoanNo,000005100324610
RND-029,UPB,766325.13
RND-029,IntBal,30877.22
RND-029,CRate,0.12679
RND-029,DRate,0.17679
RND-029,CPmt,7843.15
RND-029,MatDt,2029-09-27
RND-029,T3,13825.65
RND-029,T6,34487.67
RND-029,T12,45157.37
RND-029,T24,90314.74
RND-029,PmtSel,User PMT
RND-029,UserPmt,9481.32
RND-029,TermMonths,240
RND-029,MTrailSel,6M
RND-029,TrailPct,0.964
RND-029,RateSel,Contractual
RND-029,UserRate,0.1173
RND-029,LegalInit,0
RND-029,LegalStartM,0
RND-029,HoldCost,250
RND-029,LegalEndM,0
RND-029,AddBack,No
RND-029,ExitType,DPO
RND-029,DPOPct,0.357
RND-029,UserExit,378748.47
RND-029,ValCapPct,0.981
RND-029,YTMTgt,0.1987
RND-029,AddAccrued,Yes
RND-029,LiqAcrM,18
RND-029,StartMonth,3
RND-029,ExitMonth,25
RND-029,BidOverride,
RND-029,Yield,0.2364
RND-029,CutoffDt,2026-07-01
RND-029,AnchorDt,2026-07-31
RND-029,MinMonthsJ2,0
RND-029,HurdleYTM,0.1
RND-029,HurdleCY,0.09
RND-029,HurdleMOIC,1.3
RND-029,RelColl,1320983.36
RND-030,LoanNo,000005100324610
RND-030,UPB,3167379.74
RND-030,IntBal,105295.31
RND-030,CRate,0.04298
RND-030,DRate,0.09298
RND-030,CPmt,13221.28
RND-030,MatDt,2033-07-10
RND-030,T3,17853.33
RND-030,T6,41274.26
RND-030,T12,132927.8
RND-030,T24,265855.6
RND-030,PmtSel,User PMT
RND-030,UserPmt,14110.59
RND-030,TermMonths,0
RND-030,MTrailSel,3M
RND-030,TrailPct,0.591
RND-030,RateSel,User Enter
RND-030,UserRate,0.1297
RND-030,LegalInit,5000
RND-030,LegalStartM,0
RND-030,HoldCost,250
RND-030,LegalEndM,0
RND-030,AddBack,No
RND-030,ExitType,User Enter
RND-030,DPOPct,0.299
RND-030,UserExit,1104663.2
RND-030,ValCapPct,0.812
RND-030,YTMTgt,0.1821
RND-030,AddAccrued,Yes
RND-030,LiqAcrM,6
RND-030,StartMonth,4
RND-030,ExitMonth,49
RND-030,BidOverride,
RND-030,Yield,0.1341
RND-030,CutoffDt,2026-07-01
RND-030,AnchorDt,2026-07-31
RND-030,MinMonthsJ2,0
RND-030,HurdleYTM,0.1
RND-030,HurdleCY,0.09
RND-030,HurdleMOIC,1.3
RND-030,RelColl,5106638.24
RND-031,LoanNo,000005100324610
RND-031,UPB,163310.39
RND-031,IntBal,4535.49
RND-031,CRate,0.07668
RND-031,DRate,0.12668
RND-031,CPmt,1328.62
RND-031,MatDt,2035-12-12
RND-031,T3,3328.0
RND-031,T6,6439.92
RND-031,T12,3896.24
RND-031,T24,7792.48
RND-031,PmtSel,Term PMT
RND-031,UserPmt,1638.3
RND-031,TermMonths,120
RND-031,MTrailSel,6M
RND-031,TrailPct,1.121
RND-031,RateSel,Default
RND-031,UserRate,0.1167
RND-031,LegalInit,0
RND-031,LegalStartM,6
RND-031,HoldCost,250
RND-031,LegalEndM,11
RND-031,AddBack,"Yes, Both"
RND-031,ExitType,IRR Solve
RND-031,DPOPct,0.303
RND-031,UserExit,132339.32
RND-031,ValCapPct,0.666
RND-031,YTMTgt,0.1349
RND-031,AddAccrued,Yes
RND-031,LiqAcrM,6
RND-031,StartMonth,2
RND-031,ExitMonth,44
RND-031,BidOverride,
RND-031,Yield,0.1294
RND-031,CutoffDt,2026-07-01
RND-031,AnchorDt,2026-07-31
RND-031,MinMonthsJ2,0
RND-031,HurdleYTM,0.1
RND-031,HurdleCY,0.09
RND-031,HurdleMOIC,1.3
RND-031,RelColl,183065.3
RND-032,LoanNo,000005100324610
RND-032,UPB,59828.71
RND-032,IntBal,1678.67
RND-032,CRate,0.10729
RND-032,DRate,0.15729
RND-032,CPmt,802.66
RND-032,MatDt,2028-05-24
RND-032,T3,325.59
RND-032,T6,3368.89
RND-032,T12,8243.26
RND-032,T24,16486.52
RND-032,PmtSel,User PMT
RND-032,UserPmt,1139.31
RND-032,TermMonths,240
RND-032,MTrailSel,3M
RND-032,TrailPct,0.688
RND-032,RateSel,Contractual
RND-032,UserRate,0.0409
RND-032,LegalInit,25000
RND-032,LegalStartM,6
RND-032,HoldCost,0
RND-032,LegalEndM,19
RND-032,AddBack,"Yes, Initial Only"
RND-032,ExitType,IRR Solve
RND-032,DPOPct,0.429
RND-032,UserExit,58059.9
RND-032,ValCapPct,0.335
RND-032,YTMTgt,0.1186
RND-032,AddAccrued,Yes
RND-032,LiqAcrM,6
RND-032,StartMonth,5
RND-032,ExitMonth,59
RND-032,BidOverride,
RND-032,Yield,0.1162
RND-032,CutoffDt,2026-07-01
RND-032,AnchorDt,2026-07-31
RND-032,MinMonthsJ2,0
RND-032,HurdleYTM,0.1
RND-032,HurdleCY,0.09
RND-032,HurdleMOIC,1.3
RND-032,RelColl,83391.81
RND-033,LoanNo,000005100324610
RND-033,UPB,769635.3
RND-033,IntBal,4383.29
RND-033,CRate,0.13585
RND-033,DRate,0.18585
RND-033,CPmt,12711.67
RND-033,MatDt,2029-05-26
RND-033,T3,30915.71
RND-033,T6,55676.74
RND-033,T12,35518.11
RND-033,T24,71036.22
RND-033,PmtSel,Current PMT
RND-033,UserPmt,12074.71
RND-033,TermMonths,60
RND-033,MTrailSel,3M
RND-033,TrailPct,0.521
RND-033,RateSel,Default
RND-033,UserRate,0.1259
RND-033,LegalInit,25000
RND-033,LegalStartM,10
RND-033,HoldCost,1000
RND-033,LegalEndM,13
RND-033,AddBack,No
RND-033,ExitType,DPO
RND-033,DPOPct,0.148
RND-033,UserExit,564789.31
RND-033,ValCapPct,0.491
RND-033,YTMTgt,0.1801
RND-033,AddAccrued,Yes
RND-033,LiqAcrM,6
RND-033,StartMonth,1
RND-033,ExitMonth,29
RND-033,BidOverride,
RND-033,Yield,0.2444
RND-033,CutoffDt,2026-07-01
RND-033,AnchorDt,2026-07-31
RND-033,MinMonthsJ2,0
RND-033,HurdleYTM,0.1
RND-033,HurdleCY,0.09
RND-033,HurdleMOIC,1.3
RND-033,RelColl,1731748.94
RND-034,LoanNo,000005100324610
RND-034,UPB,220739.11
RND-034,IntBal,8536.22
RND-034,CRate,0.08823
RND-034,DRate,0.13823
RND-034,CPmt,1647.41
RND-034,MatDt,2027-08-12
RND-034,T3,489.87
RND-034,T6,3739.59
RND-034,T12,17407.25
RND-034,T24,34814.5
RND-034,PmtSel,Term PMT
RND-034,UserPmt,1836.46
RND-034,TermMonths,120
RND-034,MTrailSel,3M
RND-034,TrailPct,1.004
RND-034,RateSel,User Enter
RND-034,UserRate,0.0892
RND-034,LegalInit,25000
RND-034,LegalStartM,0
RND-034,HoldCost,250
RND-034,LegalEndM,0
RND-034,AddBack,"Yes, Both"
RND-034,ExitType,YTM Sell Solve
RND-034,DPOPct,0.028
RND-034,UserExit,139549.72
RND-034,ValCapPct,0.528
RND-034,YTMTgt,0.091
RND-034,AddAccrued,Yes
RND-034,LiqAcrM,0
RND-034,StartMonth,1
RND-034,ExitMonth,49
RND-034,BidOverride,
RND-034,Yield,0.2409
RND-034,CutoffDt,2026-07-01
RND-034,AnchorDt,2026-07-31
RND-034,MinMonthsJ2,0
RND-034,HurdleYTM,0.1
RND-034,HurdleCY,0.09
RND-034,HurdleMOIC,1.3
RND-034,RelColl,163611.21
RND-035,LoanNo,000005100324610
RND-035,UPB,2553457.78
RND-035,IntBal,34390.01
RND-035,CRate,0.07157
RND-035,DRate,0.12157
RND-035,CPmt,17901.32
RND-035,MatDt,2032-09-11
RND-035,T3,29413.43
RND-035,T6,70124.43
RND-035,T12,34053.94
RND-035,T24,68107.88
RND-035,PmtSel,Term PMT
RND-035,UserPmt,9280.39
RND-035,TermMonths,120
RND-035,MTrailSel,12M
RND-035,TrailPct,0.754
RND-035,RateSel,Contractual
RND-035,UserRate,0.1338
RND-035,LegalInit,0
RND-035,LegalStartM,7
RND-035,HoldCost,0
RND-035,LegalEndM,11
RND-035,AddBack,No
RND-035,ExitType,IRR Solve
RND-035,DPOPct,0.101
RND-035,UserExit,2352321.59
RND-035,ValCapPct,0.478
RND-035,YTMTgt,0.1795
RND-035,AddAccrued,Yes
RND-035,LiqAcrM,18
RND-035,StartMonth,1
RND-035,ExitMonth,2
RND-035,BidOverride,
RND-035,Yield,0.2268
RND-035,CutoffDt,2026-07-01
RND-035,AnchorDt,2026-07-31
RND-035,MinMonthsJ2,0
RND-035,HurdleYTM,0.1
RND-035,HurdleCY,0.09
RND-035,HurdleMOIC,1.3
RND-035,RelColl,1433578.87
RND-036,LoanNo,000005100324610
RND-036,UPB,263029.34
RND-036,IntBal,1334.04
RND-036,CRate,0.12367
RND-036,DRate,0.17367
RND-036,CPmt,2882.3
RND-036,MatDt,2027-03-16
RND-036,T3,2429.57
RND-036,T6,16651.15
RND-036,T12,4555.62
RND-036,T24,9111.24
RND-036,PmtSel,User PMT
RND-036,UserPmt,1829.07
RND-036,TermMonths,60
RND-036,MTrailSel,3M
RND-036,TrailPct,0.822
RND-036,RateSel,User Enter
RND-036,UserRate,0.1009
RND-036,LegalInit,0
RND-036,LegalStartM,0
RND-036,HoldCost,1000
RND-036,LegalEndM,0
RND-036,AddBack,No
RND-036,ExitType,PIF
RND-036,DPOPct,0.034
RND-036,UserExit,182936.76
RND-036,ValCapPct,0.919
RND-036,YTMTgt,0.1472
RND-036,AddAccrued,No
RND-036,LiqAcrM,0
RND-036,StartMonth,1
RND-036,ExitMonth,11
RND-036,BidOverride,
RND-036,Yield,0.213
RND-036,CutoffDt,2026-07-01
RND-036,AnchorDt,2026-07-31
RND-036,MinMonthsJ2,0
RND-036,HurdleYTM,0.1
RND-036,HurdleCY,0.09
RND-036,HurdleMOIC,1.3
RND-036,RelColl,453580.48
RND-037,LoanNo,000005100324610
RND-037,UPB,3696041.25
RND-037,IntBal,182387.21
RND-037,CRate,0.08076
RND-037,DRate,0.13076
RND-037,CPmt,23238.48
RND-037,MatDt,2028-01-12
RND-037,T3,35528.61
RND-037,T6,103612.85
RND-037,T12,268175.09
RND-037,T24,536350.18
RND-037,PmtSel,User PMT
RND-037,UserPmt,14872.78
RND-037,TermMonths,60
RND-037,MTrailSel,6M
RND-037,TrailPct,0.863
RND-037,RateSel,Default
RND-037,UserRate,0.0326
RND-037,LegalInit,25000
RND-037,LegalStartM,0
RND-037,HoldCost,250
RND-037,LegalEndM,0
RND-037,AddBack,"Yes, Both"
RND-037,ExitType,PIF
RND-037,DPOPct,0.075
RND-037,UserExit,2312883.02
RND-037,ValCapPct,0.923
RND-037,YTMTgt,0.1587
RND-037,AddAccrued,Yes
RND-037,LiqAcrM,6
RND-037,StartMonth,5
RND-037,ExitMonth,19
RND-037,BidOverride,
RND-037,Yield,0.1788
RND-037,CutoffDt,2026-07-01
RND-037,AnchorDt,2026-07-31
RND-037,MinMonthsJ2,0
RND-037,HurdleYTM,0.1
RND-037,HurdleCY,0.09
RND-037,HurdleMOIC,1.3
RND-037,RelColl,6577292.13
RND-038,LoanNo,000005100324610
RND-038,UPB,224685.9
RND-038,IntBal,328.34
RND-038,CRate,0.09411
RND-038,DRate,0.14411
RND-038,CPmt,2773.42
RND-038,MatDt,2034-04-17
RND-038,T3,1443.28
RND-038,T6,11549.03
RND-038,T12,7525.69
RND-038,T24,15051.38
RND-038,PmtSel,Interest PMT
RND-038,UserPmt,3412.19
RND-038,TermMonths,240
RND-038,MTrailSel,3M
RND-038,TrailPct,0.619
RND-038,RateSel,Default
RND-038,UserRate,0.0941
RND-038,LegalInit,5000
RND-038,LegalStartM,0
RND-038,HoldCost,250
RND-038,LegalEndM,0
RND-038,AddBack,"Yes, Both"
RND-038,ExitType,Liquidation
RND-038,DPOPct,0.2
RND-038,UserExit,137401.45
RND-038,ValCapPct,0.603
RND-038,YTMTgt,0.1995
RND-038,AddAccrued,No
RND-038,LiqAcrM,0
RND-038,StartMonth,2
RND-038,ExitMonth,29
RND-038,BidOverride,
RND-038,Yield,0.1415
RND-038,CutoffDt,2026-07-01
RND-038,AnchorDt,2026-07-31
RND-038,MinMonthsJ2,0
RND-038,HurdleYTM,0.1
RND-038,HurdleCY,0.09
RND-038,HurdleMOIC,1.3
RND-038,RelColl,194402.08
RND-039,LoanNo,000005100324610
RND-039,UPB,58340.4
RND-039,IntBal,200.64
RND-039,CRate,0.13125
RND-039,DRate,0.18125
RND-039,CPmt,796.72
RND-039,MatDt,2035-05-25
RND-039,T3,2039.4
RND-039,T6,735.58
RND-039,T12,3646.36
RND-039,T24,7292.72
RND-039,PmtSel,User PMT
RND-039,UserPmt,552.82
RND-039,TermMonths,120
RND-039,MTrailSel,3M
RND-039,TrailPct,0.921
RND-039,RateSel,Contractual
RND-039,UserRate,0.07
RND-039,LegalInit,0
RND-039,LegalStartM,0
RND-039,HoldCost,250
RND-039,LegalEndM,0
RND-039,AddBack,"Yes, Initial Only"
RND-039,ExitType,Liquidation
RND-039,DPOPct,0.137
RND-039,UserExit,19514.91
RND-039,ValCapPct,0.923
RND-039,YTMTgt,0.1102
RND-039,AddAccrued,No
RND-039,LiqAcrM,18
RND-039,StartMonth,1
RND-039,ExitMonth,26
RND-039,BidOverride,
RND-039,Yield,0.2439
RND-039,CutoffDt,2026-07-01
RND-039,AnchorDt,2026-07-31
RND-039,MinMonthsJ2,0
RND-039,HurdleYTM,0.1
RND-039,HurdleCY,0.09
RND-039,HurdleMOIC,1.3
RND-039,RelColl,3994.43
RND-040,LoanNo,000005100324610
RND-040,UPB,41331.72
RND-040,IntBal,1865.24
RND-040,CRate,0.13644
RND-040,DRate,0.18644
RND-040,CPmt,573.08
RND-040,MatDt,2032-03-07
RND-040,T3,614.38
RND-040,T6,863.61
RND-040,T12,4790.08
RND-040,T24,9580.16
RND-040,PmtSel,Interest PMT
RND-040,UserPmt,837.3
RND-040,TermMonths,240
RND-040,MTrailSel,12M
RND-040,TrailPct,0.61
RND-040,RateSel,Contractual
RND-040,UserRate,0.0304
RND-040,LegalInit,5000
RND-040,LegalStartM,6
RND-040,HoldCost,250
RND-040,LegalEndM,12
RND-040,AddBack,No
RND-040,ExitType,Value Cap
RND-040,DPOPct,0.34
RND-040,UserExit,42735.86
RND-040,ValCapPct,0.41
RND-040,YTMTgt,0.1974
RND-040,AddAccrued,Yes
RND-040,LiqAcrM,0
RND-040,StartMonth,1
RND-040,ExitMonth,11
RND-040,BidOverride,
RND-040,Yield,0.0947
RND-040,CutoffDt,2026-07-01
RND-040,AnchorDt,2026-07-31
RND-040,MinMonthsJ2,0
RND-040,HurdleYTM,0.1
RND-040,HurdleCY,0.09
RND-040,HurdleMOIC,1.3
RND-040,RelColl,68512.11
RND-041,LoanNo,000005100324610
RND-041,UPB,946077.49
RND-041,IntBal,16836.79
RND-041,CRate,0.05867
RND-041,DRate,0.10867
RND-041,CPmt,5961.71
RND-041,MatDt,2032-11-28
RND-041,T3,17066.29
RND-041,T6,24593.15
RND-041,T12,54971.53
RND-041,T24,109943.06
RND-041,PmtSel,User PMT
RND-041,UserPmt,6051.18
RND-041,TermMonths,120
RND-041,MTrailSel,3M
RND-041,TrailPct,0.707
RND-041,RateSel,Default
RND-041,UserRate,0.1291
RND-041,LegalInit,5000
RND-041,LegalStartM,0
RND-041,HoldCost,250
RND-041,LegalEndM,0
RND-041,AddBack,No
RND-041,ExitType,PIF
RND-041,DPOPct,0.336
RND-041,UserExit,371481.3
RND-041,ValCapPct,0.943
RND-041,YTMTgt,0.1823
RND-041,AddAccrued,No
RND-041,LiqAcrM,18
RND-041,StartMonth,1
RND-041,ExitMonth,6
RND-041,BidOverride,
RND-041,Yield,0.2454
RND-041,CutoffDt,2026-07-01
RND-041,AnchorDt,2026-07-31
RND-041,MinMonthsJ2,0
RND-041,HurdleYTM,0.1
RND-041,HurdleCY,0.09
RND-041,HurdleMOIC,1.3
RND-041,RelColl,2359678.51
RND-042,LoanNo,000005100324610
RND-042,UPB,49164.55
RND-042,IntBal,1341.16
RND-042,CRate,0.07421
RND-042,DRate,0.12421
RND-042,CPmt,366.97
RND-042,MatDt,2033-09-07
RND-042,T3,898.94
RND-042,T6,228.26
RND-042,T12,1380.32
RND-042,T24,2760.64
RND-042,PmtSel,Current PMT
RND-042,UserPmt,311.22
RND-042,TermMonths,120
RND-042,MTrailSel,3M
RND-042,TrailPct,0.629
RND-042,RateSel,Default
RND-042,UserRate,0.0833
RND-042,LegalInit,0
RND-042,LegalStartM,9
RND-042,HoldCost,1000
RND-042,LegalEndM,31
RND-042,AddBack,No
RND-042,ExitType,DPO
RND-042,DPOPct,0.488
RND-042,UserExit,32076.66
RND-042,ValCapPct,0.818
RND-042,YTMTgt,0.0975
RND-042,AddAccrued,Yes
RND-042,LiqAcrM,0
RND-042,StartMonth,2
RND-042,ExitMonth,4
RND-042,BidOverride,
RND-042,Yield,0.2275
RND-042,CutoffDt,2026-07-01
RND-042,AnchorDt,2026-07-31
RND-042,MinMonthsJ2,0
RND-042,HurdleYTM,0.1
RND-042,HurdleCY,0.09
RND-042,HurdleMOIC,1.3
RND-042,RelColl,69136.83
RND-043,LoanNo,000005100324610
RND-043,UPB,2630057.84
RND-043,IntBal,107472.05
RND-043,CRate,0.1192
RND-043,DRate,0.1692
RND-043,CPmt,24073.54
RND-043,MatDt,2035-09-10
RND-043,T3,72054.48
RND-043,T6,88992.41
RND-043,T12,49251.18
RND-043,T24,98502.36
RND-043,PmtSel,Interest PMT
RND-043,UserPmt,25448.14
RND-043,TermMonths,120
RND-043,MTrailSel,3M
RND-043,TrailPct,1.13
RND-043,RateSel,User Enter
RND-043,UserRate,0.1302
RND-043,LegalInit,0
RND-043,LegalStartM,0
RND-043,HoldCost,0
RND-043,LegalEndM,0
RND-043,AddBack,No
RND-043,ExitType,PIF
RND-043,DPOPct,0.28
RND-043,UserExit,800876.62
RND-043,ValCapPct,0.905
RND-043,YTMTgt,0.1963
RND-043,AddAccrued,Yes
RND-043,LiqAcrM,6
RND-043,StartMonth,1
RND-043,ExitMonth,35
RND-043,BidOverride,
RND-043,Yield,0.2189
RND-043,CutoffDt,2026-07-01
RND-043,AnchorDt,2026-07-31
RND-043,MinMonthsJ2,0
RND-043,HurdleYTM,0.1
RND-043,HurdleCY,0.09
RND-043,HurdleMOIC,1.3
RND-043,RelColl,3846727.36
RND-044,LoanNo,000005100324610
RND-044,UPB,55878.76
RND-044,IntBal,1290.71
RND-044,CRate,0.10313
RND-044,DRate,0.15313
RND-044,CPmt,600.32
RND-044,MatDt,2029-03-24
RND-044,T3,1327.91
RND-044,T6,1774.64
RND-044,T12,5652.35
RND-044,T24,11304.7
RND-044,PmtSel,User PMT
RND-044,UserPmt,737.59
RND-044,TermMonths,60
RND-044,MTrailSel,12M
RND-044,TrailPct,0.505
RND-044,RateSel,Default
RND-044,UserRate,0.036
RND-044,LegalInit,25000
RND-044,LegalStartM,0
RND-044,HoldCost,0
RND-044,LegalEndM,0
RND-044,AddBack,"Yes, Both"
RND-044,ExitType,User Enter
RND-044,DPOPct,0.479
RND-044,UserExit,35233.31
RND-044,ValCapPct,0.781
RND-044,YTMTgt,0.1581
RND-044,AddAccrued,No
RND-044,LiqAcrM,0
RND-044,StartMonth,2
RND-044,ExitMonth,60
RND-044,BidOverride,
RND-044,Yield,0.1243
RND-044,CutoffDt,2026-07-01
RND-044,AnchorDt,2026-07-31
RND-044,MinMonthsJ2,0
RND-044,HurdleYTM,0.1
RND-044,HurdleCY,0.09
RND-044,HurdleMOIC,1.3
RND-044,RelColl,74911.49
RND-045,LoanNo,000005100324610
RND-045,UPB,214512.52
RND-045,IntBal,6660.18
RND-045,CRate,0.09783
RND-045,DRate,0.14783
RND-045,CPmt,1999.75
RND-045,MatDt,2034-11-18
RND-045,T3,502.77
RND-045,T6,2969.49
RND-045,T12,1303.56
RND-045,T24,2607.12
RND-045,PmtSel,User PMT
RND-045,UserPmt,2220.48
RND-045,TermMonths,0
RND-045,MTrailSel,3M
RND-045,TrailPct,0.576
RND-045,RateSel,User Enter
RND-045,UserRate,0.037
RND-045,LegalInit,5000
RND-045,LegalStartM,6
RND-045,HoldCost,250
RND-045,LegalEndM,29
RND-045,AddBack,No
RND-045,ExitType,IRR Solve
RND-045,DPOPct,0.143
RND-045,UserExit,165178.23
RND-045,ValCapPct,0.632
RND-045,YTMTgt,0.1255
RND-045,AddAccrued,Yes
RND-045,LiqAcrM,0
RND-045,StartMonth,2
RND-045,ExitMonth,46
RND-045,BidOverride,
RND-045,Yield,0.1368
RND-045,CutoffDt,2026-07-01
RND-045,AnchorDt,2026-07-31
RND-045,MinMonthsJ2,0
RND-045,HurdleYTM,0.1
RND-045,HurdleCY,0.09
RND-045,HurdleMOIC,1.3
RND-045,RelColl,193082.55
RND-046,LoanNo,000005100324610
RND-046,UPB,32300.2
RND-046,IntBal,1675.32
RND-046,CRate,0.1125
RND-046,DRate,0.1625
RND-046,CPmt,439.47
RND-046,MatDt,2029-11-12
RND-046,T3,407.34
RND-046,T6,565.78
RND-046,T12,2255.22
RND-046,T24,4510.44
RND-046,PmtSel,% of M Trail PMT
RND-046,UserPmt,245.13
RND-046,TermMonths,60
RND-046,MTrailSel,6M
RND-046,TrailPct,0.517
RND-046,RateSel,Default
RND-046,UserRate,0.0973
RND-046,LegalInit,25000
RND-046,LegalStartM,11
RND-046,HoldCost,1000
RND-046,LegalEndM,33
RND-046,AddBack,No
RND-046,ExitType,DPO
RND-046,DPOPct,0.391
RND-046,UserExit,15496.3
RND-046,ValCapPct,0.358
RND-046,YTMTgt,0.138
RND-046,AddAccrued,No
RND-046,LiqAcrM,6
RND-046,StartMonth,4
RND-046,ExitMonth,6
RND-046,BidOverride,
RND-046,Yield,0.1546
RND-046,CutoffDt,2026-07-01
RND-046,AnchorDt,2026-07-31
RND-046,MinMonthsJ2,0
RND-046,HurdleYTM,0.1
RND-046,HurdleCY,0.09
RND-046,HurdleMOIC,1.3
RND-046,RelColl,78645.32
RND-047,LoanNo,000005100324610
RND-047,UPB,256273.5
RND-047,IntBal,7776.85
RND-047,CRate,0.08648
RND-047,DRate,0.13648
RND-047,CPmt,1925.53
RND-047,MatDt,2030-09-06
RND-047,T3,2213.74
RND-047,T6,5751.34
RND-047,T12,21824.37
RND-047,T24,43648.74
RND-047,PmtSel,Current PMT
RND-047,UserPmt,1254.54
RND-047,TermMonths,120
RND-047,MTrailSel,3M
RND-047,TrailPct,0.757
RND-047,RateSel,User Enter
RND-047,UserRate,0.0519
RND-047,LegalInit,0
RND-047,LegalStartM,0
RND-047,HoldCost,1000
RND-047,LegalEndM,0
RND-047,AddBack,No
RND-047,ExitType,PIF
RND-047,DPOPct,0.202
RND-047,UserExit,100315.49
RND-047,ValCapPct,0.48
RND-047,YTMTgt,0.1327
RND-047,AddAccrued,Yes
RND-047,LiqAcrM,6
RND-047,StartMonth,5
RND-047,ExitMonth,58
RND-047,BidOverride,
RND-047,Yield,0.2162
RND-047,CutoffDt,2026-07-01
RND-047,AnchorDt,2026-07-31
RND-047,MinMonthsJ2,0
RND-047,HurdleYTM,0.1
RND-047,HurdleCY,0.09
RND-047,HurdleMOIC,1.3
RND-047,RelColl,346669.94
RND-048,LoanNo,000005100324610
RND-048,UPB,753368.72
RND-048,IntBal,35340.84
RND-048,CRate,0.06077
RND-048,DRate,0.11077
RND-048,CPmt,4318.64
RND-048,MatDt,2031-07-23
RND-048,T3,1710.28
RND-048,T6,3245.32
RND-048,T12,2797.69
RND-048,T24,5595.38
RND-048,PmtSel,Interest PMT
RND-048,UserPmt,3241.8
RND-048,TermMonths,0
RND-048,MTrailSel,3M
RND-048,TrailPct,0.539
RND-048,RateSel,Default
RND-048,UserRate,0.1021
RND-048,LegalInit,25000
RND-048,LegalStartM,0
RND-048,HoldCost,250
RND-048,LegalEndM,0
RND-048,AddBack,No
RND-048,ExitType,Value Cap
RND-048,DPOPct,0.156
RND-048,UserExit,369579.05
RND-048,ValCapPct,0.478
RND-048,YTMTgt,0.0845
RND-048,AddAccrued,No
RND-048,LiqAcrM,6
RND-048,StartMonth,2
RND-048,ExitMonth,31
RND-048,BidOverride,
RND-048,Yield,0.1984
RND-048,CutoffDt,2026-07-01
RND-048,AnchorDt,2026-07-31
RND-048,MinMonthsJ2,0
RND-048,HurdleYTM,0.1
RND-048,HurdleCY,0.09
RND-048,HurdleMOIC,1.3
RND-048,RelColl,918980.84
RND-049,LoanNo,000005100324610
RND-049,UPB,41423.64
RND-049,IntBal,2201.54
RND-049,CRate,0.07556
RND-049,DRate,0.12556
RND-049,CPmt,264.66
RND-049,MatDt,2035-04-10
RND-049,T3,704.71
RND-049,T6,1429.04
RND-049,T12,2717.23
RND-049,T24,5434.46
RND-049,PmtSel,% of M Trail PMT
RND-049,UserPmt,223.04
RND-049,TermMonths,120
RND-049,MTrailSel,3M
RND-049,TrailPct,1.126
RND-049,RateSel,User Enter
RND-049,UserRate,0.1479
RND-049,LegalInit,25000
RND-049,LegalStartM,0
RND-049,HoldCost,0
RND-049,LegalEndM,0
RND-049,AddBack,"Yes, Initial Only"
RND-049,ExitType,DPO
RND-049,DPOPct,0.37
RND-049,UserExit,15143.42
RND-049,ValCapPct,0.91
RND-049,YTMTgt,0.0988
RND-049,AddAccrued,No
RND-049,LiqAcrM,18
RND-049,StartMonth,4
RND-049,ExitMonth,59
RND-049,BidOverride,
RND-049,Yield,0.1818
RND-049,CutoffDt,2026-07-01
RND-049,AnchorDt,2026-07-31
RND-049,MinMonthsJ2,0
RND-049,HurdleYTM,0.1
RND-049,HurdleCY,0.09
RND-049,HurdleMOIC,1.3
RND-049,RelColl,3268.16
RND-050,LoanNo,000005100324610
RND-050,UPB,65168.96
RND-050,IntBal,20.69
RND-050,CRate,0.08522
RND-050,DRate,0.13522
RND-050,CPmt,700.9
RND-050,MatDt,2027-03-08
RND-050,T3,797.02
RND-050,T6,3317.54
RND-050,T12,2993.51
RND-050,T24,5987.02
RND-050,PmtSel,Term PMT
RND-050,UserPmt,963.94
RND-050,TermMonths,120
RND-050,MTrailSel,3M
RND-050,TrailPct,0.768
RND-050,RateSel,Default
RND-050,UserRate,0.0438
RND-050,LegalInit,5000
RND-050,LegalStartM,0
RND-050,HoldCost,250
RND-050,LegalEndM,0
RND-050,AddBack,"Yes, Initial Only"
RND-050,ExitType,YTM Sell Solve
RND-050,DPOPct,0.465
RND-050,UserExit,58000.51
RND-050,ValCapPct,0.924
RND-050,YTMTgt,0.1987
RND-050,AddAccrued,Yes
RND-050,LiqAcrM,18
RND-050,StartMonth,3
RND-050,ExitMonth,53
RND-050,BidOverride,
RND-050,Yield,0.1753
RND-050,CutoffDt,2026-07-01
RND-050,AnchorDt,2026-07-31
RND-050,MinMonthsJ2,0
RND-050,HurdleYTM,0.1
RND-050,HurdleCY,0.09
RND-050,HurdleMOIC,1.3
RND-050,RelColl,92854.37
RND-051,LoanNo,000005100324610
RND-051,UPB,50445.19
RND-051,IntBal,862.01
RND-051,CRate,0.11493
RND-051,DRate,0.16493
RND-051,CPmt,476.41
RND-051,MatDt,2030-02-20
RND-051,T3,1395.16
RND-051,T6,2673.3
RND-051,T12,5419.47
RND-051,T24,10838.94
RND-051,PmtSel,User PMT
RND-051,UserPmt,454.08
RND-051,TermMonths,240
RND-051,MTrailSel,12M
RND-051,TrailPct,0.741
RND-051,RateSel,Default
RND-051,UserRate,0.0662
RND-051,LegalInit,5000
RND-051,LegalStartM,0
RND-051,HoldCost,1000
RND-051,LegalEndM,0
RND-051,AddBack,"Yes, Both"
RND-051,ExitType,YTM Sell Solve
RND-051,DPOPct,0.499
RND-051,UserExit,42814.81
RND-051,ValCapPct,0.794
RND-051,YTMTgt,0.1695
RND-051,AddAccrued,No
RND-051,LiqAcrM,18
RND-051,StartMonth,1
RND-051,ExitMonth,36
RND-051,BidOverride,
RND-051,Yield,0.0904
RND-051,CutoffDt,2026-07-01
RND-051,AnchorDt,2026-07-31
RND-051,MinMonthsJ2,0
RND-051,HurdleYTM,0.1
RND-051,HurdleCY,0.09
RND-051,HurdleMOIC,1.3
RND-051,RelColl,107891.01
RND-052,LoanNo,000005100324610
RND-052,UPB,31076.87
RND-052,IntBal,608.85
RND-052,CRate,0.08914
RND-052,DRate,0.13914
RND-052,CPmt,343.49
RND-052,MatDt,2035-11-14
RND-052,T3,63.86
RND-052,T6,770.16
RND-052,T12,3941.39
RND-052,T24,7882.78
RND-052,PmtSel,Term PMT
RND-052,UserPmt,396.29
RND-052,TermMonths,0
RND-052,MTrailSel,6M
RND-052,TrailPct,0.937
RND-052,RateSel,Contractual
RND-052,UserRate,0.08
RND-052,LegalInit,25000
RND-052,LegalStartM,0
RND-052,HoldCost,250
RND-052,LegalEndM,0
RND-052,AddBack,"Yes, Both"
RND-052,ExitType,User Enter
RND-052,DPOPct,0.157
RND-052,UserExit,23740.6
RND-052,ValCapPct,0.623
RND-052,YTMTgt,0.1623
RND-052,AddAccrued,No
RND-052,LiqAcrM,0
RND-052,StartMonth,3
RND-052,ExitMonth,59
RND-052,BidOverride,
RND-052,Yield,0.1113
RND-052,CutoffDt,2026-07-01
RND-052,AnchorDt,2026-07-31
RND-052,MinMonthsJ2,0
RND-052,HurdleYTM,0.1
RND-052,HurdleCY,0.09
RND-052,HurdleMOIC,1.3
RND-052,RelColl,2043.03
RND-053,LoanNo,000005100324610
RND-053,UPB,239597.1
RND-053,IntBal,4633.0
RND-053,CRate,0.04019
RND-053,DRate,0.09019
RND-053,CPmt,905.39
RND-053,MatDt,2032-08-26
RND-053,T3,1780.08
RND-053,T6,4263.15
RND-053,T12,7485.57
RND-053,T24,14971.14
RND-053,PmtSel,User PMT
RND-053,UserPmt,1255.3
RND-053,TermMonths,240
RND-053,MTrailSel,12M
RND-053,TrailPct,0.563
RND-053,RateSel,Contractual
RND-053,UserRate,0.0836
RND-053,LegalInit,25000
RND-053,LegalStartM,11
RND-053,HoldCost,1000
RND-053,LegalEndM,28
RND-053,AddBack,No
RND-053,ExitType,YTM Sell Solve
RND-053,DPOPct,0.433
RND-053,UserExit,200074.58
RND-053,ValCapPct,0.347
RND-053,YTMTgt,0.1052
RND-053,AddAccrued,No
RND-053,LiqAcrM,6
RND-053,StartMonth,2
RND-053,ExitMonth,49
RND-053,BidOverride,
RND-053,Yield,0.1378
RND-053,CutoffDt,2026-07-01
RND-053,AnchorDt,2026-07-31
RND-053,MinMonthsJ2,0
RND-053,HurdleYTM,0.1
RND-053,HurdleCY,0.09
RND-053,HurdleMOIC,1.3
RND-053,RelColl,556417.34
RND-054,LoanNo,000005100324610
RND-054,UPB,30159.74
RND-054,IntBal,1589.17
RND-054,CRate,0.08062
RND-054,DRate,0.13062
RND-054,CPmt,196.34
RND-054,MatDt,2027-02-22
RND-054,T3,195.9
RND-054,T6,959.54
RND-054,T12,328.91
RND-054,T24,657.82
RND-054,PmtSel,User PMT
RND-054,UserPmt,170.04
RND-054,TermMonths,0
RND-054,MTrailSel,12M
RND-054,TrailPct,0.591
RND-054,RateSel,Default
RND-054,UserRate,0.1086
RND-054,LegalInit,0
RND-054,LegalStartM,0
RND-054,HoldCost,1000
RND-054,LegalEndM,0
RND-054,AddBack,"Yes, Both"
RND-054,ExitType,Value Cap
RND-054,DPOPct,0.165
RND-054,UserExit,20229.34
RND-054,ValCapPct,0.415
RND-054,YTMTgt,0.1175
RND-054,AddAccrued,No
RND-054,LiqAcrM,18
RND-054,StartMonth,1
RND-054,ExitMonth,43
RND-054,BidOverride,
RND-054,Yield,0.1344
RND-054,CutoffDt,2026-07-01
RND-054,AnchorDt,2026-07-31
RND-054,MinMonthsJ2,0
RND-054,HurdleYTM,0.1
RND-054,HurdleCY,0.09
RND-054,HurdleMOIC,1.3
RND-054,RelColl,48726.41
RND-055,LoanNo,000005100324610
RND-055,UPB,1134172.61
RND-055,IntBal,29299.15
RND-055,CRate,0.10452
RND-055,DRate,0.15452
RND-055,CPmt,13983.79
RND-055,MatDt,2032-12-19
RND-055,T3,38699.57
RND-055,T6,73899.23
RND-055,T12,85753.52
RND-055,T24,171507.04
RND-055,PmtSel,Current PMT
RND-055,UserPmt,10294.28
RND-055,TermMonths,240
RND-055,MTrailSel,12M
RND-055,TrailPct,1.146
RND-055,RateSel,User Enter
RND-055,UserRate,0.0806
RND-055,LegalInit,0
RND-055,LegalStartM,0
RND-055,HoldCost,250
RND-055,LegalEndM,0
RND-055,AddBack,"Yes, Both"
RND-055,ExitType,YTM Sell Solve
RND-055,DPOPct,0.346
RND-055,UserExit,850510.37
RND-055,ValCapPct,0.519
RND-055,YTMTgt,0.1076
RND-055,AddAccrued,No
RND-055,LiqAcrM,6
RND-055,StartMonth,6
RND-055,ExitMonth,40
RND-055,BidOverride,
RND-055,Yield,0.1537
RND-055,CutoffDt,2026-07-01
RND-055,AnchorDt,2026-07-31
RND-055,MinMonthsJ2,0
RND-055,HurdleYTM,0.1
RND-055,HurdleCY,0.09
RND-055,HurdleMOIC,1.3
RND-055,RelColl,2412012.32
RND-056,LoanNo,000005100324610
RND-056,UPB,999614.66
RND-056,IntBal,8672.76
RND-056,CRate,0.07983
RND-056,DRate,0.12983
RND-056,CPmt,7508.65
RND-056,MatDt,2027-04-06
RND-056,T3,1682.51
RND-056,T6,42099.06
RND-056,T12,56168.5
RND-056,T24,112337.0
RND-056,PmtSel,User PMT
RND-056,UserPmt,8949.75
RND-056,TermMonths,240
RND-056,MTrailSel,6M
RND-056,TrailPct,0.564
RND-056,RateSel,Contractual
RND-056,UserRate,0.0443
RND-056,LegalInit,25000
RND-056,LegalStartM,0
RND-056,HoldCost,1000
RND-056,LegalEndM,0
RND-056,AddBack,"Yes, Both"
RND-056,ExitType,YTM Sell Solve
RND-056,DPOPct,0.272
RND-056,UserExit,789240.24
RND-056,ValCapPct,0.825
RND-056,YTMTgt,0.1037
RND-056,AddAccrued,No
RND-056,LiqAcrM,18
RND-056,StartMonth,2
RND-056,ExitMonth,4
RND-056,BidOverride,
RND-056,Yield,0.122
RND-056,CutoffDt,2026-07-01
RND-056,AnchorDt,2026-07-31
RND-056,MinMonthsJ2,0
RND-056,HurdleYTM,0.1
RND-056,HurdleCY,0.09
RND-056,HurdleMOIC,1.3
RND-056,RelColl,2294345.78
RND-057,LoanNo,000005100324610
RND-057,UPB,44705.82
RND-057,IntBal,347.02
RND-057,CRate,0.12114
RND-057,DRate,0.17114
RND-057,CPmt,611.72
RND-057,MatDt,2035-11-18
RND-057,T3,1769.92
RND-057,T6,562.29
RND-057,T12,4233.9
RND-057,T24,8467.8
RND-057,PmtSel,User PMT
RND-057,UserPmt,600.24
RND-057,TermMonths,120
RND-057,MTrailSel,6M
RND-057,TrailPct,0.914
RND-057,RateSel,Default
RND-057,UserRate,0.0851
RND-057,LegalInit,0
RND-057,LegalStartM,12
RND-057,HoldCost,250
RND-057,LegalEndM,32
RND-057,AddBack,"Yes, Initial Only"
RND-057,ExitType,Liquidation
RND-057,DPOPct,0.273
RND-057,UserExit,24020.73
RND-057,ValCapPct,0.535
RND-057,YTMTgt,0.1957
RND-057,AddAccrued,No
RND-057,LiqAcrM,18
RND-057,StartMonth,2
RND-057,ExitMonth,14
RND-057,BidOverride,
RND-057,Yield,0.1397
RND-057,CutoffDt,2026-07-01
RND-057,AnchorDt,2026-07-31
RND-057,MinMonthsJ2,0
RND-057,HurdleYTM,0.1
RND-057,HurdleCY,0.09
RND-057,HurdleMOIC,1.3
RND-057,RelColl,67166.12
RND-058,LoanNo,000005100324610
RND-058,UPB,36264.17
RND-058,IntBal,1930.43
RND-058,CRate,0.10846
RND-058,DRate,0.15846
RND-058,CPmt,389.02
RND-058,MatDt,2035-09-04
RND-058,T3,938.85
RND-058,T6,1555.35
RND-058,T12,2898.89
RND-058,T24,5797.78
RND-058,PmtSel,Interest PMT
RND-058,UserPmt,295.9
RND-058,TermMonths,0
RND-058,MTrailSel,3M
RND-058,TrailPct,0.957
RND-058,RateSel,Contractual
RND-058,UserRate,0.047
RND-058,LegalInit,25000
RND-058,LegalStartM,7
RND-058,HoldCost,0
RND-058,LegalEndM,8
RND-058,AddBack,No
RND-058,ExitType,DPO
RND-058,DPOPct,0.053
RND-058,UserExit,23849.0
RND-058,ValCapPct,0.984
RND-058,YTMTgt,0.1539
RND-058,AddAccrued,Yes
RND-058,LiqAcrM,18
RND-058,StartMonth,1
RND-058,ExitMonth,10
RND-058,BidOverride,
RND-058,Yield,0.2195
RND-058,CutoffDt,2026-07-01
RND-058,AnchorDt,2026-07-31
RND-058,MinMonthsJ2,0
RND-058,HurdleYTM,0.1
RND-058,HurdleCY,0.09
RND-058,HurdleMOIC,1.3
RND-058,RelColl,75113.66
RND-059,LoanNo,000005100324610
RND-059,UPB,1273742.44
RND-059,IntBal,1742.83
RND-059,CRate,0.05038
RND-059,DRate,0.10038
RND-059,CPmt,5290.05
RND-059,MatDt,2029-10-01
RND-059,T3,8461.24
RND-059,T6,26147.97
RND-059,T12,20310.67
RND-059,T24,40621.34
RND-059,PmtSel,% of M Trail PMT
RND-059,UserPmt,5143.57
RND-059,TermMonths,240
RND-059,MTrailSel,3M
RND-059,TrailPct,0.571
RND-059,RateSel,User Enter
RND-059,UserRate,0.0793
RND-059,LegalInit,0
RND-059,LegalStartM,0
RND-059,HoldCost,1000
RND-059,LegalEndM,0
RND-059,AddBack,No
RND-059,ExitType,YTM Sell Solve
RND-059,DPOPct,0.498
RND-059,UserExit,522839.91
RND-059,ValCapPct,0.903
RND-059,YTMTgt,0.0959
RND-059,AddAccrued,No
RND-059,LiqAcrM,6
RND-059,StartMonth,4
RND-059,ExitMonth,43
RND-059,BidOverride,
RND-059,Yield,0.1224
RND-059,CutoffDt,2026-07-01
RND-059,AnchorDt,2026-07-31
RND-059,MinMonthsJ2,0
RND-059,HurdleYTM,0.1
RND-059,HurdleCY,0.09
RND-059,HurdleMOIC,1.3
RND-059,RelColl,2312845.22
